                  Temp     Hi    Low   Out    Dew  Wind  Wind   Wind    Hi    Hi   Wind   Heat    THW   THSW                Rain  Solar   Solar Hi Solar   UV    UV    Hi     Heat    Cool    In     In    In     In     In   In Air          Wind  Wind    ISS   Arc.
  Date    Time     Out   Temp   Temp   Hum    Pt. Speed   Dir    Run Speed   Dir  Chill  Index  Index  Index   Bar    Rain  Rate   Rad.  Energy    Rad.  Index  Dose   UV     D-D     D-D    Temp   Hum    Dew   Heat    EMC Density     ET   Samp   Tx   Recept  Int.
------------------------------------------------------------------------------------------------------------------------------------------------------------------------------------------------------------------------------------------------------------------------
 1/09/26 12:10a   18.0   18.1   17.9    95   17.2   0.0   ---   0.00   0.0   ---   18.0   18.6   18.6    ---   846.0  0.00   0.0     0     0.00      0     0.0  0.00   0.0   0.002   0.000   23.3    37    7.8   22.7   7.27  .9821     0.00   233    1    100.0   10 
 1/09/26 12:20a   17.9   17.9   17.9    95   17.1   0.0   ---   0.00   0.0   ---   17.9   18.6   18.6    ---   846.0  0.00   0.0     0     0.00      0     0.0  0.00   0.0   0.003   0.000   23.3    37    7.8   22.6   7.27  .9824     0.00   232    1    100.0   10 
 1/09/26 12:30a   17.9   17.9   17.8    95   17.1   0.0   ---   0.00   0.0   ---   17.9   18.4   18.4    ---   846.1  0.00   0.0     0     0.00      0     0.0  0.00   0.0   0.003   0.000   23.3    35    7.0   22.6   6.97  .9831     0.00   231    1    100.0   10 
 1/09/26 12:40a   17.8   17.8   17.8    95   17.0   0.0   ---   0.00   0.0   ---   17.8   18.4   18.4    ---   846.0  0.00   0.0     0     0.00      0     0.0  0.00   0.0   0.003   0.000   23.3    35    7.0   22.6   6.97  .9828     0.00   233    1    100.0   10 
 1/09/26 12:50a   17.8   17.8   17.8    95   17.0   0.0   ---   0.00   0.0   ---   17.8   18.3   18.3    ---   846.1  0.00   0.0     0     0.00      0     0.0  0.00   0.0   0.004   0.000   23.3    36    7.4   22.7   7.09  .9826     0.00   230    1    100.0   10 
 1/09/26  1:00a   17.8   17.8   17.7    95   17.0   0.0   ---   0.00   0.0   ---   17.8   18.3   18.3    ---   846.1  0.00   0.0     0     0.00      0     0.0  0.00   0.0   0.004   0.000   23.3    34    6.6   22.6   6.77  .9833     0.00   235    1    100.0   10 
 1/09/26  1:10a   17.7   17.7   17.6    95   16.9   0.0   ---   0.00   0.0   ---   17.7   18.2   18.2    ---   846.0  0.00   0.0     0     0.00      0     0.0  0.00   0.0   0.005   0.000   23.3    34    6.6   22.6   6.77  .9832     0.00   233    1    100.0   10 
 1/09/26  1:20a   17.6   17.7   17.6    95   16.8   0.0   ---   0.00   0.0   ---   17.6   18.1   18.1    ---   846.0  0.00   0.0     0     0.00      0     0.0  0.00   0.0   0.005   0.000   23.3    34    6.6   22.6   6.77  .9831     0.00   230    1    100.0   10 
 1/09/26  1:30a   17.6   17.6   17.6    95   16.7   0.0   ---   0.00   0.0   ---   17.6   18.1   18.1    ---   846.0  0.00   0.0     0     0.00      0     0.0  0.00   0.0   0.005   0.000   23.3    34    6.6   22.6   6.77  .9831     0.00   234    1    100.0   10 
 1/09/26  1:40a   17.5   17.6   17.5    95   16.7   0.0    NW   0.00   1.6    NW   17.5   18.0   18.0    ---   846.0  0.00   0.0     0     0.00      0     0.0  0.00   0.0   0.006   0.000   23.3    37    7.8   22.7   7.27  .9821     0.00   228    1    100.0   10 
 1/09/26  1:50a   17.5   17.5   17.4    95   16.7   0.0   ---   0.00   0.0   ---   17.5   18.0   18.0    ---   846.1  0.00   0.0     0     0.00      0     0.0  0.00   0.0   0.006   0.000   23.3    37    7.8   22.7   7.27  .9822     0.00   233    1    100.0   10 
 1/09/26  2:00a   17.5   17.6   17.5    95   16.7   0.0    NW   0.00   1.6    NW   17.5   18.0   18.0    ---   846.0  0.00   0.0     0     0.00      0     0.0  0.00   0.0   0.006   0.000   23.3    36    7.4   22.7   7.09  .9825     0.00   231    1    100.0   10 
 1/09/26  2:10a   17.6   17.6   17.5    95   16.7   0.0   ---   0.00   0.0   ---   17.6   18.1   18.1    ---   845.8  0.00   0.0     0     0.00      0     0.0  0.00   0.0   0.005   0.000   23.3    36    7.4   22.7   7.09  .9822     0.00   230    1    100.0   10 
 1/09/26  2:20a   17.5   17.6   17.5    95   16.7   0.0   ---   0.00   0.0   ---   17.5   18.0   18.0    ---   845.8  0.00   0.0     0     0.00      0     0.0  0.00   0.0   0.006   0.000   23.3    37    7.8   22.6   7.27  .9821     0.00   232    1    100.0   10 
 1/09/26  2:30a   17.5   17.6   17.5    95   16.7   0.0   ---   0.00   0.0   ---   17.5   18.0   18.0    ---   845.8  0.00   0.0     0     0.00      0     0.0  0.00   0.0   0.006   0.000   23.2    37    7.7   22.6   7.27  .9823     0.00   230    1    100.0   10 
 1/09/26  2:40a   17.5   17.5   17.5    95   16.7   0.0   ---   0.00   0.0   ---   17.5   18.0   18.0    ---   845.9  0.00   0.0     0     0.00      0     0.0  0.00   0.0   0.006   0.000   23.2    40    8.9   22.7   7.67  .9815     0.00   233    1    100.0   10 
 1/09/26  2:50a   17.5   17.5   17.4    95   16.7   0.0   ---   0.00   0.0   ---   17.5   18.0   18.0    ---   845.8  0.00   0.0     0     0.00      0     0.0  0.00   0.0   0.006   0.000   23.1    38    8.0   22.4   7.41  .9824     0.00   234    1    100.0   10 
 1/09/26  3:00a   17.5   17.6   17.5    95   16.7   0.0   ---   0.00   0.0   ---   17.5   18.0   18.0    ---   845.7  0.00   0.0     0     0.00      0     0.0  0.00   0.0   0.006   0.000   23.1    38    8.0   22.4   7.41  .9823     0.00   229    1    100.0   10 
 1/09/26  3:10a   17.4   17.5   17.4    95   16.6   0.0   ---   0.00   0.0   ---   17.4   17.9   17.9    ---   845.6  0.00   0.0     0     0.00      0     0.0  0.00   0.0   0.006   0.000   23.1    37    7.6   22.4   7.28  .9825     0.00   234    1    100.0   10 
 1/09/26  3:20a   17.3   17.4   17.3    95   16.5   0.0    NW   0.00   3.2    NW   17.3   17.8   17.8    ---   845.5  0.00   0.0     0     0.00      0     0.0  0.00   0.0   0.007   0.000   23.1    35    6.8   22.3   6.98  .9831     0.00   230    1    100.0   10 
 1/09/26  3:30a   17.2   17.3   17.2    95   16.4   0.0   WNW   0.00   4.8   WNW   17.2   17.7   17.7    ---   845.6  0.00   0.0     0     0.00      0     0.0  0.00   0.0   0.008   0.000   23.2    36    7.3   22.4   7.10  .9826     0.00   232    1    100.0   10 
 1/09/26  3:40a   17.1   17.2   17.0    95   16.3   0.0   WNW   0.00   3.2   WNW   17.1   17.6   17.6    ---   845.6  0.00   0.0     0     0.00      0     0.0  0.00   0.0   0.008   0.000   23.2    35    6.9   22.4   6.97  .9827     0.00   234    1    100.0   10 
 1/09/26  3:50a   17.0   17.1   16.9    95   16.2   0.0   WNW   0.00   6.4   WNW   17.0   17.4   17.4    ---   845.6  0.00   0.0     0     0.00      0     0.0  0.00   0.0   0.009   0.000   23.2    35    6.9   22.4   6.97  .9828     0.00   225    1     98.7   10 
 1/09/26  4:00a   16.9   17.0   16.9    95   16.1   0.0   WNW   0.00   1.6   WNW   16.9   17.4   17.4    ---   845.4  0.00   0.0     0     0.00      0     0.0  0.00   0.0   0.010   0.000   23.2    35    6.9   22.4   6.97  .9826     0.00   228    1    100.0   10 
 1/09/26  4:10a   16.9   16.9   16.8    95   16.1   0.0   WNW   0.00   3.2   WNW   16.9   17.3   17.3    ---   845.4  0.00   0.0     0     0.00      0     0.0  0.00   0.0   0.010   0.000   23.2    35    6.9   22.4   6.97  .9825     0.00   230    1    100.0   10 
 1/09/26  4:20a   16.8   16.8   16.8    95   16.0   0.0    NW   0.00   8.0    NW   16.8   17.2   17.2    ---   845.3  0.00   0.0     0     0.00      0     0.0  0.00   0.0   0.011   0.000   23.2    36    7.3   22.5   7.10  .9821     0.00   230    1    100.0   10 
 1/09/26  4:30a   16.8   16.8   16.8    95   16.0   0.0   ---   0.00   0.0   ---   16.8   17.2   17.2    ---   845.2  0.00   0.0     0     0.00      0     0.0  0.00   0.0   0.011   0.000   23.2    35    6.9   22.3   6.98  .9826     0.00   233    1    100.0   10 
 1/09/26  4:40a   16.8   16.8   16.7    95   16.0   0.0   ---   0.00   0.0   ---   16.8   17.2   17.2    ---   845.3  0.00   0.0     0     0.00      0     0.0  0.00   0.0   0.011   0.000   23.1    36    7.2   22.3   7.11  .9825     0.00   229    1    100.0   10 
 1/09/26  4:50a   16.8   16.8   16.8    95   16.0   0.0   ---   0.00   0.0   ---   16.8   17.2   17.2    ---   845.3  0.00   0.0     0     0.00      0     0.0  0.00   0.0   0.011   0.000   23.0    36    7.1   22.2   7.11  .9830     0.00   227    1     99.6   10 
 1/09/26  5:00a   16.8   16.8   16.7    95   16.0   0.0   ---   0.00   0.0   ---   16.8   17.2   17.2    ---   845.3  0.00   0.0     0     0.00      0     0.0  0.00   0.0   0.011   0.000   23.0    36    7.1   22.2   7.11  .9830     0.00   233    1    100.0   10 
 1/09/26  5:10a   16.8   16.8   16.7    95   16.0   0.0   ---   0.00   0.0   ---   16.8   17.2   17.2    ---   845.4  0.00   0.0     0     0.00      0     0.0  0.00   0.0   0.011   0.000   23.0    36    7.1   22.2   7.11  .9831     0.00   226    1     99.1   10 
 1/09/26  5:20a   16.8   16.8   16.8    95   16.0   0.0    NW   0.00   3.2    NW   16.8   17.2   17.2    ---   845.5  0.00   0.0     0     0.00      0     0.0  0.00   0.0   0.011   0.000   23.0    35    6.7   22.1   6.98  .9835     0.00   232    1    100.0   10 
 1/09/26  5:30a   16.8   16.8   16.7    95   16.0   0.0    NW   0.00   1.6    NW   16.8   17.2   17.2    ---   845.6  0.00   0.0     0     0.00      0     0.0  0.00   0.0   0.011   0.000   23.1    35    6.8   22.3   6.98  .9832     0.00   233    1    100.0   10 
 1/09/26  5:40a   16.7   16.8   16.7    95   15.9   0.0    NW   0.00   1.6    NW   16.7   17.1   17.1    ---   845.5  0.00   0.0     0     0.00      0     0.0  0.00   0.0   0.011   0.000   23.1    34    6.4   22.2   6.78  .9834     0.00   228    1    100.0   10 
 1/09/26  5:50a   16.7   16.7   16.7    95   15.9   0.0    NW   0.00   1.6    NW   16.7   17.1   17.1    ---   845.6  0.00   0.0     0     0.00      0     0.0  0.00   0.0   0.011   0.000   23.1    34    6.4   22.2   6.78  .9836     0.00   232    1    100.0   10 
 1/09/26  6:00a   16.7   16.7   16.7    95   15.9   0.0   ---   0.00   0.0   ---   16.7   17.1   17.1    ---   845.7  0.00   0.0     0     0.00      0     0.0  0.00   0.0   0.012   0.000   23.1    34    6.4   22.2   6.78  .9836     0.00   228    1    100.0   10 
 1/09/26  6:10a   16.6   16.7   16.6    95   15.8   0.0    NW   0.00   1.6    NW   16.6   17.0   17.0    ---   845.8  0.00   0.0     0     0.00      0     0.0  0.00   0.0   0.012   0.000   23.2    34    6.5   22.4   6.77  .9833     0.00   230    1    100.0   10 
 1/09/26  6:20a   16.6   16.6   16.5    95   15.8   0.0    NW   0.00   3.2    NW   16.6   16.9   16.9    ---   845.8  0.00   0.0     0     0.00      0     0.0  0.00   0.0   0.012   0.000   23.2    35    6.9   22.4   6.97  .9830     0.00   233    1    100.0   10 
 1/09/26  6:30a   16.5   16.5   16.5    96   15.9   0.0    NW   0.00   1.6    NW   16.5   16.9   16.9    ---   846.0  0.00   0.0     3     0.04      5     0.0  0.00   0.0   0.013   0.000   23.2    35    6.9   22.4   6.97  .9832     0.00   229    1    100.0   10 
 1/09/26  6:40a   16.6   16.6   16.5    96   15.9   0.0   NNW   0.00   3.2    NW   16.6   16.9   16.9    ---   845.9  0.00   0.0     8     0.11     11     0.0  0.00   0.0   0.012   0.000   23.2    35    6.9   22.4   6.97  .9831     0.00   230    1    100.0   10 
 1/09/26  6:50a   16.6   16.6   16.6    96   15.9   0.0    NW   0.00   1.6    NW   16.6   16.9   16.9    ---   845.9  0.00   0.0    14     0.20     16     0.0  0.00   0.0   0.012   0.000   23.2    35    6.9   22.4   6.97  .9831     0.00   227    1     99.6   10 
 1/09/26  7:00a   16.6   16.6   16.5    95   15.8   0.0    NW   0.00   1.6    NW   16.6   16.9   16.9    ---   845.9  0.00   0.0    19     0.27     21     0.0  0.00   0.0   0.012   0.000   23.3    35    7.0   22.6   6.97  .9826     0.00   231    1    100.0   10 
 1/09/26  7:10a   16.5   16.6   16.5    96   15.9   0.0    NW   0.00   1.6    NW   16.5   16.9   16.9    ---   846.0  0.00   0.0    26     0.37     28     0.0  0.00   0.0   0.013   0.000   23.3    34    6.6   22.6   6.77  .9831     0.00   232    1    100.0   10 
 1/09/26  7:20a   16.4   16.5   16.4    96   15.8   0.0    NW   0.00   1.6    NW   16.4   16.8   16.8    ---   846.0  0.00   0.0    30     0.43     35     0.0  0.00   0.0   0.013   0.000   23.4    36    7.5   22.8   7.08  .9820     0.00   225    1     98.7   10 
 1/09/26  7:30a   16.4   16.5   16.4    96   15.8   0.0    NW   0.00   1.6    NW   16.4   16.8   16.8    ---   846.0  0.00   0.0    57     0.82     79     1.0  0.07   2.5   0.013   0.000   23.5    37    8.0   22.9   7.26  .9815     0.00   232    1    100.0   10 
 1/09/26  7:40a   16.6   16.7   16.5    96   15.9   0.0    NW   0.00   3.2    NW   16.6   16.9   16.9    ---   846.1  0.00   0.0    96     1.38    102     2.0  0.14   2.5   0.012   0.000   23.6    36    7.7   22.9   7.07  .9814     0.00   228    1    100.0   10 
 1/09/26  7:50a   16.8   16.8   16.7    96   16.1   0.0     W   0.00   6.4     W   16.8   17.2   17.2    ---   846.1  0.00   0.0   104     1.49    107     2.0  0.14   2.3   0.011   0.000   23.9    35    7.5   23.3   6.95  .9804     0.00   229    1    100.0   10 
 1/09/26  8:00a   16.8   16.9   16.8    96   16.2   0.0     W   0.00   4.8     W   16.8   17.3   17.3    ---   846.2  0.00   0.0   115     1.65    123     2.1  0.15   2.4   0.010   0.000   24.4    35    8.0   23.8   6.93  .9786     0.05   234    1    100.0   10 
 1/09/26  8:10a   17.1   17.2   16.9    96   16.4   0.0   NNW   0.00   9.7     N   17.1   17.5   17.5    ---   846.2  0.00   0.0   291     4.17    360     2.2  0.16   2.7   0.009   0.000   24.9    34    7.9   24.3   6.71  .9771     0.00   230    1    100.0   10 
 1/09/26  8:20a   17.3   17.4   17.2    96   16.6   1.6     N   0.27  11.3     N   17.3   17.8   17.8    ---   846.3  0.00   0.0   367     5.26    390     2.5  0.18   2.9   0.007   0.000   25.2    33    7.8   24.6   6.55  .9763     0.00   233    1    100.0   10 
 1/09/26  8:30a   17.8   18.1   17.4    96   17.1   0.0    NW   0.00   6.4    NW   17.8   18.3   18.3    ---   846.3  0.00   0.0   414     5.93    432     2.6  0.19   2.9   0.004   0.000   25.3    33    7.9   24.6   6.55  .9758     0.00   233    1    100.0   10 
 1/09/26  8:40a   18.3   18.6   18.1    94   17.4   1.6    NW   0.27  12.9   NNW   18.3   19.0   19.0    ---   846.2  0.00   0.0   438     6.28    471     2.7  0.19   3.1   0.000   0.000   25.4    33    8.0   24.7   6.55  .9753     0.00   231    1    100.0   10 
 1/09/26  8:50a   18.8   19.1   18.6    93   17.7   1.6   WNW   0.27  11.3   WNW   18.8   19.6   19.6    ---   846.1  0.00   0.0   476     6.82    512     3.0  0.21   3.3   0.000   0.003   25.6    33    8.1   24.8   6.55  .9745     0.00   232    1    100.0   10 
 1/09/26  9:00a   19.3   19.5   19.1    90   17.6   1.6   WNW   0.27   9.7   WNW   19.3   20.1   20.1    ---   846.1  0.00   0.0   505     7.24    534     3.2  0.23   3.7   0.000   0.007   25.7    33    8.2   24.9   6.55  .9740     0.25   231    1    100.0   10 
 1/09/26  9:10a   19.8   20.2   19.6    88   17.8   1.6   WNW   0.27   9.7    NW   19.8   20.7   20.7    ---   845.9  0.00   0.0   567     8.13    584     3.5  0.25   4.1   0.000   0.010   25.8    33    8.3   25.1   6.55  .9734     0.00   234    1    100.0   10 
 1/09/26  9:20a   20.5   20.8   20.2    85   17.9   0.0     W   0.00   4.8    NW   20.5   21.5   21.5    ---   845.9  0.00   0.0   611     8.76    638     3.8  0.27   4.1   0.000   0.015   25.8    33    8.3   25.1   6.55  .9734     0.00   231    1    100.0   10 
 1/09/26  9:30a   21.2   21.5   20.8    82   18.0   1.6   NNW   0.27   8.0    NW   21.2   21.9   21.9    ---   845.9  0.00   0.0   674     9.66    712     4.2  0.30   4.5   0.000   0.020   26.0    33    8.5   25.2   6.55  .9727     0.00   231    1    100.0   10 
 1/09/26  9:40a   21.9   22.2   21.6    80   18.3   0.0   NNW   0.00   3.2   NNW   21.9   22.6   22.6    ---   845.9  0.00   0.0   598     8.57    737     3.8  0.27   4.8   0.000   0.025   26.1    32    8.1   25.2   6.37  .9726     0.00   233    1    100.0   10 
 1/09/26  9:50a   22.3   22.6   22.2    77   18.1   1.6     W   0.27   9.7     W   22.3   23.1   23.1    ---   845.9  0.25   0.0   349     5.00    603     3.8  0.27   4.9   0.000   0.028   26.1    32    8.1   25.2   6.37  .9727     0.00   230    1    100.0   10 
 1/09/26 10:00a   22.6   22.7   22.6    77   18.4   0.0   WSW   0.00   6.4     W   22.6   23.4   23.4    ---   846.0  4.831219.2   423     6.06    849     4.4  0.31   5.6   0.000   0.030   26.1    33    8.6   25.3   6.55  .9723     0.36   233    1    100.0   10 
 1/09/26 10:10a   22.9   23.1   22.7    75   18.2   0.0     W   0.00   4.8     W   22.9   23.8   23.8    ---   845.9  1.52 812.8   815    11.68    844     5.4  0.39   6.1   0.000   0.032   26.3    33    8.8   25.5   6.55  .9713     0.00   229    1    100.0   10 
 1/09/26 10:20a   23.3   23.4   23.1    72   17.9   1.6   WNW   0.27   8.0   WNW   23.3   24.2   24.2    ---   845.9  0.76 356.9   784    11.24    861     5.5  0.39   6.3   0.000   0.034   26.5    34    9.4   25.7   6.66  .9702     0.00   232    1    100.0   10 
 1/09/26 10:30a   23.5   23.8   23.3    72   18.2   1.6    NW   0.27   8.0    NW   23.5   24.5   24.5    ---   845.8  0.00   1.0   643     9.22    919     5.4  0.39   6.6   0.000   0.036   26.6    33    9.0   25.7   6.55  .9701     0.00   233    1    100.0   10 
 1/09/26 10:40a   23.8   23.9   23.7    71   18.2   0.0   NNW   0.00  11.3   NNW   23.8   24.8   24.8    ---   845.9  0.00   0.0   695     9.96    991     5.8  0.41   7.0   0.000   0.038   26.6    34    9.5   25.7   6.65  .9698     0.00   230    1    100.0   10 
 1/09/26 10:50a   24.1   24.4   23.9    70   18.3   3.2     N   0.54  11.3   NNW   24.1   25.1   25.1    ---   846.0  0.00   0.0   982    14.08   1028     7.0  0.50   7.6   0.000   0.040   26.7    34    9.6   25.8   6.65  .9694     0.00   231    1    100.0   10 
 1/09/26 11:00a   24.7   24.9   24.4    67   18.1   1.6   WNW   0.27   8.0   WNW   24.7   25.5   25.5    ---   845.9  0.00   0.0   733    10.51    965     6.8  0.49   7.6   0.000   0.044   26.8    34    9.6   25.9   6.64  .9689     0.48   229    1    100.0   10 
 1/09/26 11:10a   24.7   24.8   24.6    71   19.1   0.0   WSW   0.00   6.4   WSW   24.7   25.8   25.8    ---   845.8  2.03 665.0   934    13.39    946     7.4  0.53   8.4   0.000   0.044   26.9    34    9.7   26.0   6.63  .9685     0.00   233    1    100.0   10 
 1/09/26 11:20a   25.1   25.2   24.8    65   18.0   1.6   SSW   0.27   8.0   SSW   25.1   25.8   25.8    ---   845.8  5.08 541.8   838    12.01   1013     7.0  0.50   7.8   0.000   0.047   27.1    34    9.9   26.2   6.62  .9676     0.00   232    1    100.0   10 
 1/09/26 11:30a   25.1   25.3   25.1    68   18.8   1.6    SW   0.27   9.7   SSW   25.1   26.1   26.1    ---   845.8 15.241625.6   620     8.89    803     6.8  0.49   8.6   0.000   0.047   27.1    34    9.9   26.2   6.62  .9676     0.00   230    1    100.0   10 
 1/09/26 11:40a   25.6   25.7   25.3    66   18.7   1.6     W   0.27  11.3    SW   25.6   26.4   26.4    ---   845.7  5.331045.0   589     8.44    796     6.2  0.44   7.3   0.000   0.050   27.2    34    9.9   26.3   6.61  .9673     0.00   235    1    100.0   10 
 1/09/26 11:50a   25.6   25.8   25.4    66   18.8   1.6   WNW   0.27   8.0     W   25.6   26.5   26.5    ---   845.6  0.76  32.5   529     7.58    608     5.7  0.41   6.4   0.000   0.051   27.2    34   10.0   26.3   6.61  .9670     0.00   231    1    100.0   10 
 1/09/26 12:00p   25.6   25.7   25.5    63   18.0   1.6   SSW   0.27  12.9    SW   25.6   26.2   26.2    ---   845.6 12.70 975.4   463     6.64    585     5.3  0.38   6.1   0.000   0.050   27.3    34   10.1   26.4   6.60  .9665     0.43   230    1    100.0   10 
 1/09/26 12:10p   25.8   25.8   25.7    63   18.2   1.6   SSW   0.27  11.3   SSW   25.8   26.5   26.5    ---   845.5 42.161125.5   460     6.59    480     5.2  0.37   5.5   0.000   0.052   27.4    34   10.2   26.6   6.59  .9660     0.00   231    1    100.0   10 
 1/09/26 12:20p   25.8   25.8   25.8    63   18.3   0.0     S   0.00   4.8     S   25.8   26.6   26.6    ---   845.3 50.80 975.4   422     6.05    461     4.9  0.35   5.3   0.000   0.052   27.5    34   10.2   26.7   6.59  .9655     0.00   231    1    100.0   10 
 1/09/26 12:30p   25.9   26.1   25.8    63   18.4   0.0   SSE   0.00   4.8   SSE   25.9   26.7   26.7    ---   845.2 59.18 375.2   435     6.24    578     4.9  0.35   6.2   0.000   0.053   27.5    34   10.2   26.7   6.59  .9654     0.00   233    1    100.0   10 
 1/09/26 12:40p   26.2   26.4   26.1    63   18.6   1.6     S   0.27   8.0     S   26.2   27.1   27.1    ---   845.0 54.10 365.8   578     8.29    770     6.1  0.44   8.2   0.000   0.055   27.6    34   10.3   26.8   6.58  .9648     0.00   230    1    100.0   10 
 1/09/26 12:50p   26.5   26.6   26.4    60   18.1   3.2    SW   0.54   9.7    SW   26.5   27.2   27.2    ---   844.9 48.01 365.8   373     5.35    448     5.4  0.39   7.7   0.000   0.057   27.6    33    9.8   26.7   6.49  .9653     0.00   234    1    100.0   10 
 1/09/26  1:00p   26.5   26.6   26.3    59   17.8   1.6    SW   0.27   9.7    SW   26.5   27.1   27.1    ---   844.8 19.81 365.8   435     6.24   1081     5.6  0.40   8.4   0.000   0.057   27.4    34   10.1   26.6   6.60  .9654     0.33   231    1    100.0   10 
 1/09/26  1:10p   26.3   26.5   26.3    62   18.5   0.0     S   0.00   6.4   SSW   26.3   27.1   27.1    ---   844.6  0.00   1.3   424     6.08   1107     5.0  0.36   8.2   0.000   0.056   27.4    34   10.1   26.6   6.60  .9652     0.00   233    1    100.0   10 
 1/09/26  1:20p   26.7   26.9   26.5    57   17.4   0.0     S   0.00   3.2     S   26.7   27.2   27.2    ---   844.4  0.00   0.0   301     4.31    422     6.1  0.44   8.6   0.000   0.058   27.3    34   10.0   26.4   6.61  .9653     0.00   233    1    100.0   10 
 1/09/26  1:30p   27.2   27.4   26.9    55   17.3   0.0     S   0.00   6.4     S   27.2   27.7   27.7    ---   844.2  0.00   0.0   257     3.68    278     7.2  0.51   8.4   0.000   0.061   27.3    34   10.0   26.4   6.61  .9651     0.00   226    1     99.1   10 
 1/09/26  1:40p   27.8   28.2   27.5    52   17.1   0.0    SW   0.00   3.2   SSW   27.8   28.4   28.4    ---   844.0  7.871625.6   293     4.20    353     7.0  0.50   8.2   0.000   0.066   27.4    33    9.7   26.4   6.50  .9649     0.00   234    1    100.0   10 
 1/09/26  1:50p   28.2   28.3   28.1    51   17.1   1.6    NW   0.27   9.7   WSW   28.2   28.8   28.8    ---   843.8  0.25  25.9   322     4.62    353     4.9  0.35   6.0   0.000   0.068   27.5    33    9.8   26.6   6.49  .9642     0.00   229    1    100.0   10 
 1/09/26  2:00p   27.9   28.1   27.8    52   17.2   1.6   WNW   0.27  11.3   WNW   27.9   28.6   28.6    ---   843.6  0.51   9.9   972    13.93    991     6.7  0.48   8.3   0.000   0.067   27.5    33    9.8   26.6   6.49  .9640     0.28   230    1    100.0   10 
 1/09/26  2:10p   27.8   27.9   27.6    53   17.3   1.6   WSW   0.27  11.3   WSW   27.8   28.4   28.4    ---   843.5  0.00   0.0   552     7.91    940     5.2  0.37   7.0   0.000   0.066   27.4    34   10.2   26.6   6.59  .9636     0.00   233    1    100.0   10 
 1/09/26  2:20p   27.7   27.8   27.6    51   16.6   1.6    NW   0.27  14.5    NW   27.7   28.1   28.1    ---   843.2  0.00   0.0   485     6.95    916     4.7  0.34   6.7   0.000   0.065   27.3    34   10.0   26.4   6.61  .9640     0.00   229    1    100.0   10 
 1/09/26  2:30p   27.7   27.8   27.5    50   16.3   3.2   WSW   0.54  14.5    NW   27.7   27.9   27.9    ---   843.1  0.00   0.0   819    11.74    905     6.1  0.44   6.7   0.000   0.065   27.1    34    9.8   26.2   6.62  .9648     0.00   228    1    100.0   10 
 1/09/26  2:40p   28.0   28.2   27.8    50   16.6   3.2    NW   0.54  14.5   WNW   28.0   28.4   28.4    ---   843.1  0.00   0.0   867    12.43    896     6.1  0.44   6.9   0.000   0.067   27.1    34    9.8   26.2   6.62  .9647     0.00   231    1    100.0   10 
 1/09/26  2:50p   28.3   28.7   28.2    50   16.9   1.6   NNW   0.27  17.7    NW   28.3   29.0   29.0    ---   843.0  0.76 356.9   748    10.72    817     3.5  0.25   4.4   0.000   0.069   27.1    33    9.4   26.1   6.52  .9650     0.00   232    1    100.0   10 
 1/09/26  3:00p   28.6   28.7   28.4    48   16.5   1.6    NW   0.27  17.7    NW   28.6   29.2   29.2    ---   842.8 11.431219.2   338     4.85    649     3.0  0.21   3.4   0.000   0.071   27.0    33    9.4   26.1   6.53  .9650     0.43   235    1    100.0   10 
 1/09/26  3:10p   28.3   28.4   28.3    48   16.3   3.2    NW   0.54  12.9   NNW   28.3   28.8   28.8    ---   842.7 19.811625.6   268     3.84    410     2.6  0.19   3.0   0.000   0.069   26.8    33    9.2   25.9   6.54  .9656     0.00   229    1    100.0   10 
 1/09/26  3:20p   28.2   28.3   28.1    50   16.8   3.2   WNW   0.54  16.1   WNW   28.2   28.8   28.8    ---   842.6 44.20 860.6   204     2.92    260     2.3  0.16   2.7   0.000   0.069   26.7    33    9.1   25.7   6.55  .9661     0.00   233    1    100.0   10 
 1/09/26  3:30p   28.1   28.1   28.1    48   16.0   4.8     N   0.80  16.1     N   28.1   28.4   28.4    ---   842.5 30.732090.2   265     3.80    295     2.5  0.18   2.9   0.000   0.068   26.7    33    9.1   25.8   6.55  .9659     0.00   231    1    100.0   10 
 1/09/26  3:40p   27.9   28.1   27.6    52   17.1   3.2    NW   0.54  14.5    NW   27.9   28.4   28.4    ---   842.6  4.57 812.8    92     1.32    192     1.3  0.09   1.9   0.000   0.066   26.6    33    9.0   25.7   6.55  .9664     0.00   230    1    100.0   10 
 1/09/26  3:50p   27.2   27.6   26.9    55   17.4   3.2   NNE   0.54  16.1   WSW   27.2   27.7   27.7    ---   842.7  9.14 770.1    54     0.77     56     0.5  0.04   1.7   0.000   0.062   26.3    33    8.7   25.4   6.55  .9678     0.00   234    1    100.0   10 
 1/09/26  4:00p   26.2   26.9   25.7    61   18.1   6.4    NW   1.07  24.1   NNW   26.2   26.9   26.9    ---   842.6  6.10 585.2    61     0.87     77     1.2  0.09   1.9   0.000   0.055   26.1    34    9.0   25.3   6.67  .9683     0.15   229    1    100.0   10 
 1/09/26  4:10p   25.2   25.6   24.8    63   17.6   9.7     W   1.61  25.7     W   25.2   25.8   25.8    ---   842.8 15.49 975.4    60     0.86     77     1.0  0.07   1.8   0.000   0.047   25.8    35    9.2   25.2   6.88  .9690     0.00   232    1    100.0   10 
 1/09/26  4:20p   24.3   24.8   24.0    65   17.3   9.7   WNW   1.61  29.0   WNW   24.3   25.0   25.0    ---   842.7  7.62 487.7    45     0.65     46     0.0  0.00   0.0   0.000   0.042   25.7    36    9.5   25.0   6.99  .9691     0.00   227    1     99.6   10 
 1/09/26  4:30p   23.8   24.0   23.6    63   16.3   8.0    NW   1.34  22.5    NW   23.8   24.4   24.4    ---   842.7  2.031828.8    61     0.87     72     1.1  0.08   1.9   0.000   0.038   25.5    36    9.3   24.8   6.99  .9698     0.00   234    1    100.0   10 
 1/09/26  4:40p   23.5   23.6   23.5    66   16.8   3.2   WNW   0.54  16.1   WNW   23.5   24.2   24.2    ---   843.0  0.00   1.3    70     1.00     74     1.4  0.10   1.6   0.000   0.036   25.4    36    9.3   24.8   6.99  .9704     0.00   232    1    100.0   10 
 1/09/26  4:50p   23.6   23.6   23.5    62   15.8   1.6     W   0.27   8.0     W   23.6   24.1   24.1    ---   842.8  2.291463.0    89     1.28    114     1.5  0.11   1.7   0.000   0.036   25.4    35    8.9   24.8   6.89  .9706     0.00   229    1    100.0   10 
 1/09/26  5:00p   23.7   23.8   23.6    58   14.9   1.6   WNW   0.27  12.9   WNW   23.7   24.0   24.0    ---   842.9  2.29 348.2   154     2.21    246     1.5  0.11   2.0   0.000   0.037   25.4    34    8.4   24.7   6.69  .9711     0.08   232    1    100.0   10 
 1/09/26  5:10p   24.1   24.2   23.9    57   15.0   1.6    NW   0.27   9.7     W   24.1   24.4   24.4    ---   842.9 11.18 541.8   134     1.92    162     1.4  0.10   1.7   0.000   0.040   25.4    33    7.9   24.7   6.55  .9716     0.00   229    1    100.0   10 
 1/09/26  5:20p   24.3   24.3   24.2    56   14.9   0.0    NW   0.00   8.0    NW   24.3   24.5   24.5    ---   842.9  0.00   1.3    65     0.93    100     0.8  0.06   1.5   0.000   0.041   25.3    32    7.4   24.6   6.40  .9723     0.00   233    1    100.0   10 
 1/09/26  5:30p   24.3   24.3   24.3    58   15.5   0.0   ---   0.00   0.0   ---   24.3   24.6   24.6    ---   842.9  0.00   0.0    36     0.52     39     0.0  0.00   0.0   0.000   0.041   25.3    32    7.4   24.6   6.40  .9725     0.00   231    1    100.0   10 
 1/09/26  5:40p   24.3   24.3   24.3    58   15.5   0.0   ---   0.00   0.0   ---   24.3   24.6   24.6    ---   843.1  0.51   4.3    26     0.37     32     0.0  0.00   0.0   0.000   0.041   25.2    31    6.8   24.4   6.20  .9735     0.00   232    1    100.0   10 
 1/09/26  5:50p   24.2   24.3   24.2    60   16.0   0.0   ---   0.00   0.0   ---   24.2   24.7   24.7    ---   843.2 36.072090.2    16     0.23     18     0.0  0.00   0.0   0.000   0.041   25.1    31    6.7   24.4   6.21  .9740     0.00   233    1    100.0   10 
 1/09/26  6:00p   24.2   24.2   24.2    66   17.5   1.6    NE   0.27   9.7    NE   24.2   24.9   24.9    ---   843.4 15.49 541.8    14     0.20     18     0.0  0.00   0.0   0.000   0.041   25.0    30    6.2   24.3   6.05  .9749     0.05   230    1    100.0   10 
 1/09/26  6:10p   24.1   24.2   23.9    68   17.8   0.0    NE   0.00   3.2    NE   24.1   24.9   24.9    ---   843.6 37.34 457.2     9     0.13     11     0.0  0.00   0.0   0.000   0.040   24.8    30    6.1   24.1   6.05  .9758     0.00   235    1    100.0   10 
 1/09/26  6:20p   23.8   23.9   23.8    70   18.0   0.0   SSE   0.00   4.8   ESE   23.8   24.8   24.8    ---   843.8  8.381463.0     6     0.09      7     0.0  0.00   0.0   0.000   0.038   24.7    31    6.4   24.0   6.22  .9761     0.00   231    1    100.0   10 
 1/09/26  6:30p   23.7   23.8   23.6    73   18.5   0.0   ESE   0.00   3.2     E   23.7   24.7   24.7    ---   843.8  0.00   1.0     5     0.07      5     0.0  0.00   0.0   0.000   0.037   24.7    33    7.4   24.1   6.55  .9753     0.00   234    1    100.0   10 
 1/09/26  6:40p   23.4   23.6   23.2    74   18.5   0.0     E   0.00   4.8   ESE   23.4   24.4   24.4    ---   843.9  0.00   0.0     3     0.04      5     0.0  0.00   0.0   0.000   0.035   24.7    35    8.2   24.1   6.92  .9748     0.00   232    1    100.0   10 
 1/09/26  6:50p   23.1   23.2   22.9    75   18.4   0.0   ESE   0.00   1.6   ESE   23.1   24.0   24.0    ---   843.9  0.00   0.0     0     0.00      0     0.0  0.00   0.0   0.000   0.033   24.7    35    8.2   24.1   6.92  .9747     0.00   231    1    100.0   10 
 1/09/26  7:00p   22.8   22.9   22.7    75   18.1   0.0     E   0.00   3.2     E   22.8   23.6   23.6    ---   844.0  0.00   0.0     0     0.00      0     0.0  0.00   0.0   0.000   0.031   24.7    34    7.7   24.0   6.72  .9755     0.00   233    1    100.0   10 
 1/09/26  7:10p   22.6   22.7   22.6    75   18.0   0.0     E   0.00   1.6     E   22.6   23.3   23.3    ---   844.1  0.00   0.0     0     0.00      0     0.0  0.00   0.0   0.000   0.030   24.6    34    7.7   23.9   6.72  .9758     0.00   229    1    100.0   10 
 1/09/26  7:20p   22.5   22.6   22.5    78   18.5   1.6     S   0.27  14.5   SSE   22.5   23.3   23.3    ---   844.3  0.00   0.0     0     0.00      0     0.0  0.00   0.0   0.000   0.029   24.6    33    7.2   23.8   6.55  .9766     0.00   234    1    100.0   10 
 1/09/26  7:30p   22.3   22.5   21.9    80   18.7   3.2    SW   0.54  19.3    SW   22.3   23.1   23.1    ---   844.6  0.76  24.4     0     0.00      0     0.0  0.00   0.0   0.000   0.027   24.5    35    8.0   23.8   6.93  .9765     0.00   231    1    100.0   10 
 1/09/26  7:40p   21.4   21.9   20.9    84   18.6   0.0     W   0.00   8.0     W   21.4   22.3   22.3    ---   844.7  1.78  42.7     0     0.00      0     0.0  0.00   0.0   0.000   0.022   24.4    34    7.6   23.7   6.73  .9772     0.00   232    1    100.0   10 
 1/09/26  7:50p   20.4   20.8   20.2    87   18.2   0.0   NNE   0.00   1.6   NNE   20.4   21.4   21.4    ---   844.9  0.25   2.5     0     0.00      0     0.0  0.00   0.0   0.000   0.015   24.4    34    7.6   23.7   6.73  .9774     0.00   234    1    100.0   10 
 1/09/26  8:00p   19.9   20.2   19.7    88   17.8   0.0     N   0.00   1.6     N   19.9   20.8   20.8    ---   845.1  0.00   1.0     0     0.00      0     0.0  0.00   0.0   0.000   0.011   24.3    34    7.5   23.6   6.73  .9780     0.00   229    1    100.0   10 
 1/09/26  8:10p   19.5   19.7   19.3    89   17.6   0.0   NNW   0.00   4.8     N   19.5   20.3   20.3    ---   845.2  0.00   0.0     0     0.00      0     0.0  0.00   0.0   0.000   0.008   24.3    34    7.5   23.6   6.73  .9782     0.00   233    1    100.0   10 
 1/09/26  8:20p   19.2   19.3   19.0    90   17.5   0.0   NNW   0.00   1.6   NNW   19.2   19.9   19.9    ---   845.3  0.00   0.0     0     0.00      0     0.0  0.00   0.0   0.000   0.006   24.3    34    7.5   23.6   6.73  .9783     0.00   233    1    100.0   10 
 1/09/26  8:30p   18.9   19.0   18.9    90   17.3   0.0   NNW   0.00   6.4   NNW   18.9   19.7   19.7    ---   845.5  0.00   0.0     0     0.00      0     0.0  0.00   0.0   0.000   0.004   24.3    34    7.5   23.6   6.73  .9785     0.00   232    1    100.0   10 
 1/09/26  8:40p   18.9   18.9   18.8    91   17.4   0.0   NNW   0.00   3.2   NNW   18.9   19.6   19.6    ---   845.7  0.00   0.0     0     0.00      0     0.0  0.00   0.0   0.000   0.004   24.3    35    7.8   23.6   6.94  .9786     0.00   233    1    100.0   10 
 1/09/26  8:50p   18.8   18.9   18.8    91   17.3   0.0   NNW   0.00   4.8   NNW   18.8   19.6   19.6    ---   845.9  0.00   0.0     0     0.00      0     0.0  0.00   0.0   0.000   0.003   24.2    34    7.4   23.5   6.74  .9794     0.00   229    1    100.0   10 
 1/09/26  9:00p   18.8   18.9   18.8    92   17.5   0.0     N   0.00   1.6   NNW   18.8   19.6   19.6    ---   846.3  0.00   0.0     0     0.00      0     0.0  0.00   0.0   0.000   0.003   24.2    37    8.6   23.6   7.24  .9789     0.00   234    1    100.0   10 
 1/09/26  9:10p   18.8   18.9   18.8    92   17.5   0.0    NE   0.00   8.0   ENE   18.8   19.6   19.6    ---   846.6  0.00   0.0     0     0.00      0     0.0  0.00   0.0   0.000   0.003   24.2    38    9.0   23.7   7.34  .9789     0.00   232    1    100.0   10 
 1/09/26  9:20p   18.7   18.8   18.6    91   17.2   3.2    SE   0.54  11.3    SE   18.7   19.4   19.4    ---   846.8  3.05  53.1     0     0.00      0     0.0  0.00   0.0   0.000   0.003   24.1    37    8.5   23.5   7.24  .9799     0.00   230    1    100.0   10 
 1/09/26  9:30p   18.4   18.6   18.4    92   17.1   0.0    SE   0.00   1.6    SE   18.4   19.1   19.1    ---   847.0  1.27  16.5     0     0.00      0     0.0  0.00   0.0   0.000   0.001   24.1    38    8.9   23.5   7.34  .9801     0.00   232    1    100.0   10 
 1/09/26  9:40p   18.3   18.4   18.3    92   17.0   0.0   ---   0.00   0.0   ---   18.3   18.9   18.9    ---   847.1  2.79  26.7     0     0.00      0     0.0  0.00   0.0   0.000   0.000   23.9    38    8.7   23.3   7.35  .9808     0.00   229    1    100.0   10 
 1/09/26  9:50p   18.2   18.3   18.2    92   16.9   0.0   ---   0.00   0.0   ---   18.2   18.8   18.8    ---   847.2  1.02  12.7     0     0.00      0     0.0  0.00   0.0   0.001   0.000   23.8    37    8.3   23.2   7.25  .9815     0.00   234    1    100.0   10 
 1/09/26 10:00p   18.1   18.2   18.1    93   17.0   0.0   ---   0.00   0.0   ---   18.1   18.7   18.7    ---   847.3  0.51   5.6     0     0.00      0     0.0  0.00   0.0   0.002   0.000   23.8    36    7.9   23.2   7.05  .9819     0.00   232    1    100.0   10 
 1/09/26 10:10p   18.1   18.1   18.1    93   17.0   0.0    NE   0.00   3.2    NE   18.1   18.7   18.7    ---   847.3  0.00   1.3     0     0.00      0     0.0  0.00   0.0   0.002   0.000   23.8    37    8.3   23.2   7.25  .9817     0.00   231    1    100.0   10 
 1/09/26 10:20p   17.9   18.1   17.9    93   16.8   0.0   ---   0.00   0.0   ---   17.9   18.5   18.5    ---   847.5  0.51   2.8     0     0.00      0     0.0  0.00   0.0   0.003   0.000   23.7    39    8.9   23.2   7.56  .9816     0.00   234    1    100.0   10 
 1/09/26 10:30p   17.8   17.9   17.8    93   16.7   0.0   ---   0.00   0.0   ---   17.8   18.3   18.3    ---   847.5  0.51   3.8     0     0.00      0     0.0  0.00   0.0   0.003   0.000   23.7    38    8.6   23.2   7.36  .9820     0.00   229    1    100.0   10 
 1/09/26 10:40p   17.8   17.9   17.8    93   16.7   0.0   ---   0.00   0.0   ---   17.8   18.3   18.3    ---   847.5  0.25   2.8     0     0.00      0     0.0  0.00   0.0   0.003   0.000   23.6    36    7.7   22.9   7.07  .9831     0.00   232    1    100.0   10 
 1/09/26 10:50p   17.9   17.9   17.9    94   16.9   0.0     N   0.00   3.2     N   17.9   18.4   18.4    ---   847.6  0.76   4.6     0     0.00      0     0.0  0.00   0.0   0.003   0.000   23.6    35    7.2   22.9   6.96  .9835     0.00   234    1    100.0   10 
 1/09/26 11:00p   17.9   17.9   17.9    93   16.8   0.0     N   0.00   1.6     N   17.9   18.5   18.5    ---   847.7  0.51   4.8     0     0.00      0     0.0  0.00   0.0   0.003   0.000   23.6    35    7.2   22.9   6.96  .9837     0.00   229    1    100.0   10 
 1/09/26 11:10p   17.8   17.9   17.8    94   16.9   0.0     N   0.00   1.6     N   17.8   18.4   18.4    ---   847.8  1.02   5.8     0     0.00      0     0.0  0.00   0.0   0.003   0.000   23.6    35    7.2   22.9   6.96  .9837     0.00   232    1    100.0   10 
 1/09/26 11:20p   17.8   17.8   17.8    94   16.8   0.0     N   0.00   1.6     N   17.8   18.3   18.3    ---   847.8  1.02   6.9     0     0.00      0     0.0  0.00   0.0   0.004   0.000   23.7    34    6.9   23.0   6.76  .9836     0.00   229    1    100.0   10 
 1/09/26 11:30p   17.7   17.8   17.7    94   16.7   0.0   ---   0.00   0.0   ---   17.7   18.2   18.2    ---   847.8  0.76   6.9     0     0.00      0     0.0  0.00   0.0   0.004   0.000   23.6    35    7.2   22.9   6.96  .9837     0.00   232    1    100.0   10 
 1/09/26 11:40p   17.7   17.7   17.7    94   16.7   0.0   ---   0.00   0.0   ---   17.7   18.2   18.2    ---   847.8  1.02   7.4     0     0.00      0     0.0  0.00   0.0   0.004   0.000   23.6    34    6.8   22.8   6.76  .9843     0.00   233    1    100.0   10 
 1/09/26 11:50p   17.6   17.7   17.6    94   16.6   0.0   ---   0.00   0.0   ---   17.6   18.1   18.1    ---   847.8  1.27   7.9     0     0.00      0     0.0  0.00   0.0   0.005   0.000   23.5    39    8.7   22.9   7.56  .9829     0.00   227    1     99.6   10 
 2/09/26 12:00a   17.6   17.7   17.6    94   16.6   0.0   ---   0.00   0.0   ---   17.6   18.1   18.1    ---   847.8  0.76   6.6     0     0.00      0     0.0  0.00   0.0   0.005   0.000   23.4    35    7.1   22.7   6.97  .9845     0.00   233    1    100.0   10 
 2/09/26 12:10a   17.7   17.7   17.6    94   16.7   0.0     N   0.00   4.8   NNW   17.7   18.2   18.2    ---   847.8  0.76   5.8     0     0.00      0     0.0  0.00   0.0   0.005   0.000   23.4    35    7.1   22.7   6.97  .9844     0.00   228    1    100.0   10 
 2/09/26 12:20a   17.6   17.7   17.6    94   16.6   0.0   NNW   0.00   4.8     N   17.6   18.1   18.1    ---   847.7  0.51   5.1     0     0.00      0     0.0  0.00   0.0   0.005   0.000   23.4    34    6.7   22.7   6.77  .9847     0.00   232    1    100.0   10 
 2/09/26 12:30a   17.6   17.7   17.6    94   16.6   0.0     N   0.00   1.6     N   17.6   18.1   18.1    ---   847.6  0.76   5.1     0     0.00      0     0.0  0.00   0.0   0.005   0.000   23.4    36    7.5   22.7   7.09  .9842     0.00   234    1    100.0   10 
 2/09/26 12:40a   17.6   17.6   17.5    94   16.6   0.0     N   0.00   3.2     N   17.6   18.1   18.1    ---   847.5  0.76   5.8     0     0.00      0     0.0  0.00   0.0   0.005   0.000   23.4    40    9.0   22.9   7.67  .9827     0.00   231    1    100.0   10 
 2/09/26 12:50a   17.5   17.5   17.4    94   16.5   0.0     N   0.00   1.6     N   17.5   18.0   18.0    ---   847.5  0.76   4.6     0     0.00      0     0.0  0.00   0.0   0.006   0.000   23.3    39    8.5   22.7   7.57  .9834     0.00   234    1    100.0   10 
 2/09/26  1:00a   17.4   17.4   17.4    95   16.6   0.0   ---   0.00   0.0   ---   17.4   17.9   17.9    ---   847.4  0.51   3.6     0     0.00      0     0.0  0.00   0.0   0.006   0.000   23.2    38    8.1   22.6   7.40  .9839     0.00   232    1    100.0   10 
 2/09/26  1:10a   17.4   17.4   17.4    95   16.6   0.0   ---   0.00   0.0   ---   17.4   17.9   17.9    ---   847.5  0.25   2.8     0     0.00      0     0.0  0.00   0.0   0.006   0.000   23.1    35    6.8   22.3   6.98  .9855     0.00   229    1    100.0   10 
 2/09/26  1:20a   17.4   17.4   17.3    94   16.4   0.0   ---   0.00   0.0   ---   17.4   17.8   17.8    ---   847.5  0.51   4.1     0     0.00      0     0.0  0.00   0.0   0.007   0.000   23.2    36    7.3   22.5   7.10  .9846     0.00   231    1    100.0   10 
 2/09/26  1:30a   17.3   17.3   17.3    94   16.4   0.0    NE   0.00   4.8   NNE   17.3   17.8   17.8    ---   847.4  0.76   3.8     0     0.00      0     0.0  0.00   0.0   0.007   0.000   23.3    40    9.0   22.8   7.67  .9827     0.00   230    1    100.0   10 
 2/09/26  1:40a   17.3   17.3   17.3    95   16.5   0.0   ---   0.00   0.0   ---   17.3   17.7   17.7    ---   847.3  0.51   4.1     0     0.00      0     0.0  0.00   0.0   0.007   0.000   23.2    38    8.1   22.6   7.40  .9838     0.00   232    1    100.0   10 
 2/09/26  1:50a   17.3   17.3   17.3    95   16.5   0.0     N   0.00   1.6    NE   17.3   17.8   17.8    ---   847.2  0.51   3.6     0     0.00      0     0.0  0.00   0.0   0.007   0.000   23.1    40    8.8   22.5   7.68  .9835     0.00   234    1    100.0   10 
 2/09/26  2:00a   17.3   17.3   17.3    95   16.5   0.0     N   0.00   3.2     N   17.3   17.8   17.8    ---   847.2  0.25   3.0     0     0.00      0     0.0  0.00   0.0   0.007   0.000   23.1    39    8.4   22.5   7.58  .9837     0.00   229    1    100.0   10 
 2/09/26  2:10a   17.3   17.3   17.3    95   16.5   0.0   ---   0.00   0.0   ---   17.3   17.7   17.7    ---   847.1  0.51   2.8     0     0.00      0     0.0  0.00   0.0   0.007   0.000   23.1    38    8.0   22.4   7.41  .9840     0.00   234    1    100.0   10 
 2/09/26  2:20a   17.3   17.3   17.3    95   16.5   0.0     N   0.00   1.6     N   17.3   17.7   17.7    ---   847.0  0.25   2.8     0     0.00      0     0.0  0.00   0.0   0.007   0.000   23.1    38    8.0   22.4   7.41  .9839     0.00   230    1    100.0   10 
 2/09/26  2:30a   17.3   17.3   17.3    95   16.5   0.0   ---   0.00   0.0   ---   17.3   17.7   17.7    ---   846.8  0.25   1.8     0     0.00      0     0.0  0.00   0.0   0.007   0.000   23.1    37    7.6   22.4   7.28  .9840     0.00   231    1    100.0   10 
 2/09/26  2:40a   17.3   17.3   17.3    95   16.5   0.0     N   0.00   4.8     N   17.3   17.7   17.7    ---   846.7  0.25   1.5     0     0.00      0     0.0  0.00   0.0   0.007   0.000   23.0    39    8.3   22.3   7.58  .9836     0.00   234    1    100.0   10 
 2/09/26  2:50a   17.3   17.3   17.3    95   16.5   0.0     N   0.00   1.6     N   17.3   17.7   17.7    ---   846.6  0.25   1.3     0     0.00      0     0.0  0.00   0.0   0.007   0.000   23.0    38    7.9   22.3   7.41  .9839     0.00   230    1    100.0   10 
 2/09/26  3:00a   17.3   17.3   17.3    95   16.5   0.0     N   0.00   1.6     N   17.3   17.7   17.7    ---   846.6  0.00   1.3     0     0.00      0     0.0  0.00   0.0   0.007   0.000   23.0    40    8.7   22.4   7.68  .9831     0.00   232    1    100.0   10 
 2/09/26  3:10a   17.3   17.3   17.3    95   16.5   0.0   ENE   0.00   1.6   ENE   17.3   17.7   17.7    ---   846.6  0.00   0.0     0     0.00      0     0.0  0.00   0.0   0.007   0.000   22.9    40    8.6   22.3   7.68  .9834     0.00   232    1    100.0   10 
 2/09/26  3:20a   17.3   17.3   17.3    95   16.5   0.0   NNE   0.00   1.6    NE   17.3   17.8   17.8    ---   846.5  0.25   0.0     0     0.00      0     0.0  0.00   0.0   0.007   0.000   22.9    39    8.2   22.2   7.59  .9839     0.00   229    1    100.0   10 
 2/09/26  3:30a   17.3   17.3   17.3    95   16.5   0.0   ---   0.00   0.0   ---   17.3   17.8   17.8    ---   846.4  0.00   0.0     0     0.00      0     0.0  0.00   0.0   0.007   0.000   22.9    37    7.5   22.1   7.28  .9842     0.00   228    1    100.0   10 
 2/09/26  3:40a   17.3   17.3   17.3    95   16.5   0.0   ---   0.00   0.0   ---   17.3   17.8   17.8    ---   846.3  0.25   0.0     0     0.00      0     0.0  0.00   0.0   0.007   0.000   22.9    36    7.1   22.1   7.12  .9844     0.00   228    1    100.0   10 
 2/09/26  3:50a   17.3   17.3   17.3    95   16.5   0.0     N   0.00   1.6     N   17.3   17.8   17.8    ---   846.3  0.00   0.0     0     0.00      0     0.0  0.00   0.0   0.007   0.000   23.0    38    7.9   22.3   7.41  .9835     0.00   232    1    100.0   10 
 2/09/26  4:00a   17.3   17.3   17.2    95   16.5   0.0   ---   0.00   0.0   ---   17.3   17.7   17.7    ---   846.2  0.00   0.0     0     0.00      0     0.0  0.00   0.0   0.007   0.000   23.0    36    7.1   22.2   7.11  .9841     0.00   234    1    100.0   10 
 2/09/26  4:10a   17.2   17.3   17.2    95   16.4   0.0     N   0.00   1.6     N   17.2   17.7   17.7    ---   846.2  0.25   0.0     0     0.00      0     0.0  0.00   0.0   0.008   0.000   23.0    39    8.3   22.3   7.58  .9831     0.00   229    1    100.0   10 
 2/09/26  4:20a   17.2   17.2   17.2    95   16.4   0.0     N   0.00   1.6     N   17.2   17.6   17.6    ---   846.2  0.00   0.0     0     0.00      0     0.0  0.00   0.0   0.008   0.000   22.9    39    8.2   22.2   7.58  .9833     0.00   233    1    100.0   10 
 2/09/26  4:30a   17.1   17.2   17.1    95   16.3   0.0   ---   0.00   0.0   ---   17.1   17.6   17.6    ---   846.2  0.00   0.0     0     0.00      0     0.0  0.00   0.0   0.008   0.000   22.8    36    7.0   21.9   7.13  .9847     0.00   231    1    100.0   10 
 2/09/26  4:40a   17.1   17.2   17.1    95   16.3   0.0   ---   0.00   0.0   ---   17.1   17.6   17.6    ---   846.2  0.00   0.0     0     0.00      0     0.0  0.00   0.0   0.008   0.000   22.9    37    7.4   22.1   7.29  .9842     0.00   231    1    100.0   10 
 2/09/26  4:50a   17.1   17.2   17.1    95   16.3   0.0   ---   0.00   0.0   ---   17.1   17.6   17.6    ---   846.2  0.25   0.0     0     0.00      0     0.0  0.00   0.0   0.008   0.000   22.9    36    7.1   22.1   7.12  .9843     0.00   233    1    100.0   10 
 2/09/26  5:00a   17.1   17.2   17.1    95   16.3   0.0   NNW   0.00   1.6   NNW   17.1   17.6   17.6    ---   846.2  0.00   0.0     0     0.00      0     0.0  0.00   0.0   0.008   0.000   22.9    35    6.7   22.1   6.98  .9846     0.00   231    1    100.0   10 
 2/09/26  5:10a   17.1   17.2   17.1    95   16.3   0.0   NNW   0.00   3.2   NNW   17.1   17.6   17.6    ---   846.1  0.00   0.0     0     0.00      0     0.0  0.00   0.0   0.008   0.000   23.0    37    7.5   22.2   7.28  .9836     0.00   234    1    100.0   10 
 2/09/26  5:20a   17.1   17.1   17.0    95   16.2   0.0   NNW   0.00   3.2   NNW   17.1   17.5   17.5    ---   846.1  0.00   0.0     0     0.00      0     0.0  0.00   0.0   0.009   0.000   23.0    36    7.1   22.2   7.11  .9839     0.00   232    1    100.0   10 
 2/09/26  5:30a   17.0   17.0   17.0    95   16.2   0.0   NNW   0.00   3.2   NNW   17.0   17.4   17.4    ---   846.2  0.00   0.0     0     0.00      0     0.0  0.00   0.0   0.009   0.000   23.0    37    7.5   22.2   7.28  .9837     0.00   231    1    100.0   10 
 2/09/26  5:40a   16.9   17.0   16.9    95   16.1   0.0   ---   0.00   0.0   ---   16.9   17.4   17.4    ---   846.2  0.00   0.0     0     0.00      0     0.0  0.00   0.0   0.010   0.000   23.0    35    6.7   22.1   6.98  .9844     0.00   233    1    100.0   10 
 2/09/26  5:50a   16.9   17.0   16.9    95   16.1   0.0   NNW   0.00   3.2   NNW   16.9   17.4   17.4    ---   846.2  0.00   0.0     0     0.00      0     0.0  0.00   0.0   0.010   0.000   23.1    35    6.8   22.2   6.98  .9842     0.00   230    1    100.0   10 
 2/09/26  6:00a   16.9   16.9   16.9    95   16.1   0.0   ---   0.00   0.0   ---   16.9   17.4   17.4    ---   846.3  0.00   0.0     0     0.00      0     0.0  0.00   0.0   0.010   0.000   23.1    35    6.8   22.3   6.98  .9840     0.00   234    1    100.0   10 
 2/09/26  6:10a   16.9   16.9   16.8    95   16.1   0.0   NNW   0.00   1.6   NNW   16.9   17.3   17.3    ---   846.4  0.00   0.0     0     0.00      0     0.0  0.00   0.0   0.010   0.000   23.2    35    6.9   22.4   6.97  .9837     0.00   234    1    100.0   10 
 2/09/26  6:20a   16.8   16.8   16.8    95   16.0   0.0   NNW   0.00   3.2   NNW   16.8   17.2   17.2    ---   846.4  0.00   0.0     0     0.00      0     0.0  0.00   0.0   0.010   0.000   23.2    37    7.7   22.6   7.27  .9830     0.00   228    1    100.0   10 
 2/09/26  6:30a   16.8   16.8   16.8    95   16.0   0.0     N   0.00   4.8   NNW   16.8   17.2   17.2    ---   846.3  0.00   0.0     0     0.00      0     0.0  0.00   0.0   0.011   0.000   23.2    38    8.1   22.6   7.40  .9826     0.00   234    1    100.0   10 
 2/09/26  6:40a   16.8   16.8   16.8    95   16.0   0.0   ---   0.00   0.0   ---   16.8   17.2   17.2    ---   846.3  0.00   0.0     7     0.10     12     0.0  0.00   0.0   0.011   0.000   23.2    36    7.3   22.5   7.10  .9833     0.00   232    1    100.0   10 
 2/09/26  6:50a   16.8   16.8   16.8    95   16.0   0.0   ---   0.00   0.0   ---   16.8   17.2   17.2    ---   846.2  0.00   0.0    16     0.23     21     0.0  0.00   0.0   0.011   0.000   23.2    36    7.3   22.5   7.10  .9831     0.00   232    1    100.0   10 
 2/09/26  7:00a   16.8   16.8   16.8    96   16.1   0.0   ---   0.00   0.0   ---   16.8   17.2   17.2    ---   846.1  0.00   0.0    27     0.39     33     0.0  0.00   0.0   0.011   0.000   23.3    37    7.8   22.6   7.27  .9825     0.00   234    1    100.0   10 
 2/09/26  7:10a   16.8   16.9   16.8    96   16.2   0.0   ---   0.00   0.0   ---   16.8   17.3   17.3    ---   846.1  0.00   0.0    39     0.56     46     0.0  0.00   0.0   0.010   0.000   23.3    36    7.4   22.7   7.09  .9826     0.00   231    1    100.0   10 
 2/09/26  7:20a   16.9   16.9   16.8    96   16.2   0.0   ---   0.00   0.0   ---   16.9   17.3   17.3    ---   846.2  0.00   0.0    58     0.83     69     1.1  0.08   2.1   0.010   0.000   23.4    37    7.9   22.8   7.27  .9819     0.00   234    1    100.0   10 
 2/09/26  7:30a   17.0   17.1   16.9    96   16.4   0.0   ---   0.00   0.0   ---   17.0   17.4   17.4    ---   846.3  0.00   0.0    80     1.15     91     1.9  0.14   2.0   0.009   0.000   23.6    40    9.2   23.1   7.66  .9805     0.00   232    1    100.0   10 
 2/09/26  7:40a   17.1   17.2   17.1    96   16.5   0.0   NNW   0.00   1.6   NNW   17.1   17.6   17.6    ---   846.3  0.00   0.0    99     1.42    113     1.9  0.14   2.0   0.008   0.000   23.6    37    8.1   23.0   7.26  .9814     0.00   229    1    100.0   10 
 2/09/26  7:50a   17.2   17.2   17.2    96   16.5   0.0   NNW   0.00   1.6   NNW   17.2   17.6   17.6    ---   846.4  0.00   0.0   118     1.69    144     2.1  0.15   2.4   0.008   0.000   23.8    39    9.0   23.3   7.55  .9799     0.00   234    1    100.0   10 
 2/09/26  8:00a   17.3   17.3   17.2    96   16.6   0.0   ---   0.00   0.0   ---   17.3   17.8   17.8    ---   846.5  0.00   0.0   115     1.65    128     2.3  0.16   2.6   0.007   0.000   23.9    40    9.5   23.5   7.65  .9792     0.05   229    1    100.0   10 
 2/09/26  8:10a   17.4   17.6   17.3    96   16.8   0.0     N   0.00   1.6     N   17.4   17.9   17.9    ---   846.5  0.00   0.0   228     3.27    353     2.5  0.18   2.9   0.006   0.000   24.0    41    9.9   23.6   7.75  .9786     0.00   234    1    100.0   10 
 2/09/26  8:20a   17.7   17.8   17.6    96   17.1   0.0     N   0.00   1.6     N   17.7   18.3   18.3    ---   846.4  0.00   0.0   249     3.57    348     3.0  0.21   3.3   0.004   0.000   24.3    39    9.5   23.8   7.53  .9778     0.00   233    1    100.0   10 
 2/09/26  8:30a   17.8   17.8   17.7    96   17.1   0.0     N   0.00   3.2     N   17.8   18.3   18.3    ---   846.5  0.00   0.0   196     2.81    214     3.2  0.23   3.6   0.004   0.000   24.6    38    9.3   24.0   7.33  .9773     0.00   228    1    100.0   10 
 2/09/26  8:40a   17.7   17.7   17.7    96   17.1   0.0     N   0.00   3.2     N   17.7   18.3   18.3    ---   846.4  0.00   0.0   201     2.88    220     3.2  0.23   3.5   0.004   0.000   24.6    39    9.7   24.1   7.53  .9769     0.00   232    1    100.0   10 
 2/09/26  8:50a   17.7   17.7   17.7    95   16.9   0.0   NNW   0.00   1.6   NNW   17.7   18.3   18.3    ---   846.4  0.00   0.0   155     2.22    190     3.0  0.21   3.5   0.004   0.000   24.6    39    9.7   24.1   7.52  .9767     0.00   230    1    100.0   10 
 2/09/26  9:00a   17.8   17.8   17.7    95   17.0   0.0     N   0.00   3.2     N   17.8   18.3   18.3    ---   846.3  0.00   0.0   160     2.29    183     2.9  0.21   3.3   0.004   0.000   24.7    36    8.6   24.1   7.02  .9772     0.13   232    1    100.0   10 
 2/09/26  9:10a   17.8   17.8   17.8    95   17.0   0.0     N   0.00   3.2     N   17.8   18.3   18.3    ---   846.3  0.00   0.0   235     3.37    299     3.1  0.22   3.6   0.004   0.000   24.8    35    8.3   24.2   6.92  .9774     0.00   233    1    100.0   10 
 2/09/26  9:20a   18.0   18.2   17.8    96   17.4   0.0     N   0.00   1.6     N   18.0   18.6   18.6    ---   846.3  0.00   0.0   311     4.46    392     3.3  0.24   3.8   0.002   0.000   24.9    34    8.0   24.3   6.71  .9770     0.00   232    1    100.0   10 
 2/09/26  9:30a   18.2   18.3   18.1    96   17.5   0.0     N   0.00   4.8   NNW   18.2   18.8   18.8    ---   846.4  0.00   0.0   357     5.12    594     3.7  0.26   4.5   0.001   0.000   25.1    34    8.1   24.4   6.71  .9766     0.00   234    1    100.0   10 
 2/09/26  9:40a   18.5   18.7   18.3    96   17.9   0.0     N   0.00   4.8     N   18.5   19.2   19.2    ---   846.4  0.00   0.0   368     5.28    534     3.8  0.27   4.5   0.000   0.001   25.2    33    7.8   24.6   6.55  .9764     0.00   230    1    100.0   10 
 2/09/26  9:50a   18.8   18.8   18.7    96   18.1   0.0     N   0.00   1.6     N   18.8   19.6   19.6    ---   846.5  0.00   0.0   300     4.30    457     3.5  0.25   4.1   0.000   0.003   25.4    32    7.5   24.6   6.40  .9762     0.00   232    1    100.0   10 
 2/09/26 10:00a   18.9   19.0   18.8    95   18.1   0.0     N   0.00   1.6     N   18.9   19.7   19.7    ---   846.6  0.00   0.0   309     4.43    403     3.7  0.26   4.6   0.000   0.004   25.4    33    8.0   24.7   6.55  .9757     0.18   231    1    100.0   10 
 2/09/26 10:10a   18.8   18.9   18.7    95   18.0   0.0    NW   0.00   1.6   NNW   18.8   19.6   19.6    ---   846.7  0.00   0.0   374     5.36    557     4.3  0.31   5.5   0.000   0.003   25.5    33    8.0   24.7   6.55  .9756     0.00   231    1    100.0   10 
 2/09/26 10:15a    ---    ---    ---   ---    ---   0.0   ---   0.00   0.0   ---    ---    ---    ---    ---  ------  0.00   0.0   ---      ---    ---     ---   ---   ---     ---     ---    ---   ---    ---    ---    ---    ---     0.00     0    1      0.0   10 
 2/09/26 10:20a   24.8   24.8   24.7    70   18.9   0.0   WNW   0.00   3.2   WNW   24.8   25.8   25.8    ---   845.2  0.00   0.0   353     5.06    357     4.5  0.32   4.7   0.000   0.045   26.3    34    9.2   25.5   6.66  .9704     0.00    70    1     30.7   10 
 2/09/26  2:10p   25.2   25.3   25.2    68   18.9   1.6   NNW   0.27   6.4   NNW   25.2   26.2   26.2    ---   844.7  0.00   0.0   643     9.22    693     6.8  0.49   7.3   0.000   0.048   26.7    33    9.1   25.8   6.55  .9683     0.00    84    1     36.8   10 
 2/09/26  2:20p   25.6   25.8   25.3    65   18.5   0.0   NNW   0.00   4.8   WNW   25.6   26.4   26.4    ---   844.5  0.00   0.0   569     8.16    752     5.7  0.41   6.3   0.000   0.051   26.8    32    8.7   25.8   6.35  .9684     0.00   227    1     99.6   10 
 2/09/26  2:30p   26.0   26.1   25.8    65   18.9   0.0   SSE   0.00   3.2   SSW   26.0   26.9   26.9    ---   844.4  0.00   0.0   618     8.86    802     5.5  0.39   6.4   0.000   0.053   26.8    33    9.2   25.9   6.54  .9676     0.00   232    1    100.0   10 
 2/09/26  2:40p   26.0   26.2   25.9    64   18.7   0.0   SSW   0.00   4.8   SSW   26.0   26.8   26.8    ---   844.3  0.00   0.0   837    12.00    940     6.0  0.43   6.8   0.000   0.053   26.9    33    9.3   26.0   6.53  .9671     0.00   225    1     98.7   10 
 2/09/26  2:50p   26.5   26.9   26.2    61   18.4   0.0   SSW   0.00   4.8   SSW   26.5   27.3   27.3    ---   844.2  0.00   0.0   805    11.54   1069     5.6  0.40   6.7   0.000   0.057   26.9    34    9.7   26.1   6.63  .9665     0.00   228    1    100.0   10 
 2/09/26  3:00p   27.4   27.8   26.9    62   19.5   1.6   ESE   0.27   8.0   NNE   27.4   28.6   28.6    ---   844.0  0.00   0.0   779    11.17    962     4.7  0.34   5.8   0.000   0.063   27.1    34    9.8   26.2   6.62  .9658     0.38   231    1    100.0   10 
 2/09/26  3:10p   27.8   27.8   27.8    58   18.8   0.0   NNE   0.00   3.2   NNW   27.8   28.8   28.8    ---   843.9  0.00   0.0   520     7.45    703     2.8  0.20   3.1   0.000   0.066   27.2    34    9.9   26.3   6.61  .9652     0.00   227    1     99.6   10 
 2/09/26  3:20p   27.8   27.8   27.7    58   18.8   1.6     E   0.27   6.4   SSW   27.8   28.8   28.8    ---   843.8  0.00   0.0   299     4.29    529     2.3  0.16   2.6   0.000   0.066   27.1    33    9.4   26.2   6.52  .9657     0.00   232    1    100.0   10 
 2/09/26  3:30p   27.4   27.7   27.1    60   19.0   0.0   SSW   0.00   1.6   SSE   27.4   28.5   28.5    ---   843.7  0.00   0.0   124     1.78    156     1.7  0.12   2.1   0.000   0.063   26.9    33    9.3   25.9   6.53  .9665     0.00   230    1    100.0   10 
 2/09/26  3:40p   26.8   27.1   26.6    60   18.4   0.0     S   0.00   1.6     S   26.8   27.6   27.6    ---   843.7  0.00   0.0   114     1.63    130     1.6  0.11   2.0   0.000   0.059   26.6    33    9.0   25.7   6.55  .9676     0.00   229    1    100.0   10 
 2/09/26  3:50p   26.3   26.6   26.1    63   18.7   0.0    SW   0.00   1.6    SW   26.3   27.1   27.1    ---   843.6  0.00   0.0   100     1.43    104     1.7  0.12   2.0   0.000   0.055   26.4    34    9.3   25.6   6.66  .9681     0.00   233    1    100.0   10 
 2/09/26  4:00p   25.9   26.1   25.8    64   18.6   1.6   SSW   0.27   4.8   SSW   25.9   26.8   26.8    ---   843.6  0.00   0.0   105     1.51    105     1.7  0.12   1.9   0.000   0.053   26.2    32    8.2   25.3   6.37  .9695     0.15   229    1    100.0   10 
 2/09/26  4:10p   25.7   25.8   25.6    63   18.1   0.0    SW   0.00   3.2    SW   25.7   26.4   26.4    ---   843.5  0.00   0.0   103     1.48    104     1.6  0.11   1.9   0.000   0.051   26.2    36    9.9   25.6   6.97  .9680     0.00   228    1    100.0   10 
 2/09/26  4:20p   25.6   25.6   25.5    64   18.2   0.0     W   0.00   4.8     W   25.6   26.3   26.3    ---   843.3  0.00   0.0   105     1.51    107     1.6  0.11   1.9   0.000   0.050   26.2    36    9.9   25.6   6.97  .9679     0.00   229    1    100.0   10 
 2/09/26  4:30p   25.4   25.4   25.4    64   18.1   0.0   WNW   0.00   4.8   WNW   25.4   26.2   26.2    ---   843.3  0.00   0.0   110     1.58    111     1.6  0.11   2.0   0.000   0.049   26.1    35    9.4   25.4   6.87  .9684     0.00   232    1    100.0   10 
 2/09/26  4:40p   25.4   25.4   25.3    65   18.3   0.0   WNW   0.00   1.6   WNW   25.4   26.2   26.2    ---   843.2  0.00   0.0   106     1.52    109     1.6  0.11   1.8   0.000   0.049   26.0    34    8.9   25.3   6.67  .9692     0.00   228    1    100.0   10 
 2/09/26  4:50p   25.3   25.4   25.3    65   18.3   0.0     W   0.00   3.2     W   25.3   26.1   26.1    ---   843.2  0.00   0.0    92     1.32     98     1.4  0.10   1.6   0.000   0.049   25.9    34    8.9   25.2   6.68  .9694     0.00   228    1    100.0   10 
 2/09/26  5:00p   25.3   25.4   25.3    63   17.8   0.0     W   0.00   1.6     W   25.3   26.0   26.0    ---   843.3  0.00   0.0    79     1.13     84     1.3  0.09   1.7   0.000   0.049   25.9    33    8.4   25.1   6.55  .9701     0.08   232    1    100.0   10 
 2/09/26  5:10p   25.3   25.4   25.3    62   17.5   3.2   WSW   0.54  11.3   WSW   25.3   25.9   25.9    ---   843.3  0.00   0.0    66     0.95     74     1.1  0.08   1.4   0.000   0.049   25.8    32    7.8   24.9   6.38  .9709     0.00   226    1     99.1   10 
 2/09/26  5:20p   25.3   25.3   25.2    62   17.5   1.6   WSW   0.27   9.7   WSW   25.3   25.9   25.9    ---   843.4  0.00   0.0    44     0.63     51     0.0  0.00   0.0   0.000   0.048   25.7    32    7.8   24.9   6.38  .9712     0.00   232    1    100.0   10 
 2/09/26  5:30p   25.2   25.2   25.1    63   17.6   0.0    SW   0.00   6.4    SW   25.2   25.8   25.8    ---   843.4  0.00   0.0    41     0.59     42     0.0  0.00   0.0   0.000   0.047   25.6    32    7.7   24.8   6.39  .9717     0.00   229    1    100.0   10 
 2/09/26  5:40p   25.0   25.1   24.9    65   18.0   4.8   WSW   0.80  16.1   WSW   25.0   25.7   25.7    ---   843.3  0.00   0.0    37     0.53     40     0.0  0.00   0.0   0.000   0.046   25.5    31    7.1   24.7   6.19  .9725     0.00   230    1    100.0   10 
 2/09/26  5:50p   24.8   24.9   24.7    66   18.0   1.6   WSW   0.27  12.9   WSW   24.8   25.6   25.6    ---   843.5  0.00   0.0    39     0.56     40     0.0  0.00   0.0   0.000   0.045   25.4    32    7.5   24.7   6.39  .9724     0.00   230    1    100.0   10 
 2/09/26  6:00p   24.6   24.7   24.6    69   18.5   0.0   WSW   0.00   8.0     W   24.6   25.6   25.6    ---   843.5  0.00   0.0    33     0.47     35     0.0  0.00   0.0   0.000   0.044   25.4    32    7.5   24.7   6.39  .9725     0.05   229    1    100.0   10 
 2/09/26  6:10p   24.4   24.5   24.2    70   18.6   0.0   WSW   0.00   8.0    SW   24.4   25.4   25.4    ---   843.7  0.00   0.0    25     0.36     32     0.0  0.00   0.0   0.000   0.042   25.3    33    7.9   24.6   6.55  .9728     0.00   231    1    100.0   10 
 2/09/26  6:20p   23.8   24.2   23.2    75   19.1   4.8   SSW   0.80  11.3    SW   23.8   25.0   25.0    ---   843.8  0.00   0.0    10     0.14     14     0.0  0.00   0.0   0.000   0.038   25.3    38   10.0   24.8   7.30  .9710     0.00   228    1    100.0   10 
 2/09/26  6:30p   22.6   23.2   22.2    81   19.2   3.2   WNW   0.54  12.9   WNW   22.6   23.6   23.6    ---   843.9  0.00   0.0     6     0.09      7     0.0  0.00   0.0   0.000   0.030   25.2    40   10.7   24.8   7.60  .9708     0.00   231    1    100.0   10 
 2/09/26  6:40p   21.7   22.2   21.4    84   18.9   1.6   WNW   0.27  11.3     W   21.7   22.7   22.7    ---   843.9  0.00   0.0     0     0.00      5     0.0  0.00   0.0   0.000   0.024   25.0    41   10.8   24.6   7.75  .9713     0.00   231    1    100.0   10 
 2/09/26  6:50p   21.2   21.4   20.8    82   18.0   1.6   NNW   0.27   9.7   NNW   21.2   21.9   21.9    ---   844.1  0.51   3.6     0     0.00      0     0.0  0.00   0.0   0.000   0.020   24.8    41   10.7   24.4   7.75  .9723     0.00   230    1    100.0   10 
 2/09/26  7:00p   20.3   20.8   20.1    82   17.2   1.6   ENE   0.27  14.5     N   20.3   21.2   21.2    ---   844.4  0.51   6.1     0     0.00      0     0.0  0.00   0.0   0.000   0.014   24.7    41   10.6   24.3   7.75  .9731     0.03   231    1    100.0   10 
 2/09/26  7:10p   19.9   20.1   19.8    87   17.7   3.2   ENE   0.54  12.9     E   19.9   20.8   20.8    ---   844.5  0.51   6.1     0     0.00      0     0.0  0.00   0.0   0.000   0.011   24.6    44   11.5   24.3   8.23  .9729     0.00   229    1    100.0   10 
 2/09/26  7:20p   19.8   19.8   19.7    89   17.9   1.6   ENE   0.27   6.4    NE   19.8   20.7   20.7    ---   844.8  0.51   2.3     0     0.00      0     0.0  0.00   0.0   0.000   0.010   24.4    43   11.0   24.1   8.05  .9740     0.00   232    1    100.0   10 
 2/09/26  7:30p   19.6   19.7   19.5    89   17.7   3.2     N   0.54   9.7     N   19.6   20.4   20.4    ---   845.2  0.25   2.0     0     0.00      0     0.0  0.00   0.0   0.000   0.009   24.3    43   10.9   24.0   8.05  .9750     0.00   230    1    100.0   10 
 2/09/26  7:40p   19.4   19.5   19.3    90   17.8   0.0   NNE   0.00   8.0   NNE   19.4   20.3   20.3    ---   845.1  1.02   9.7     0     0.00      0     0.0  0.00   0.0   0.000   0.008   24.3    43   10.9   24.0   8.05  .9748     0.00   230    1    100.0   10 
 2/09/26  7:50p   19.2   19.3   19.2    91   17.7   1.6     N   0.27   8.0   NNE   19.2   20.0   20.0    ---   845.3  0.51   6.9     0     0.00      0     0.0  0.00   0.0   0.000   0.006   24.2    42   10.5   23.8   7.94  .9760     0.00   233    1    100.0   10 
 2/09/26  8:00p   19.1   19.2   18.9    91   17.6   1.6     N   0.27   8.0   NNE   19.1   19.8   19.8    ---   845.4  0.25   3.6     0     0.00      0     0.0  0.00   0.0   0.000   0.005   24.3    41   10.2   23.9   7.75  .9760     0.00   228    1    100.0   10 
 2/09/26  8:10p   18.8   18.9   18.7    91   17.3   3.2   NNE   0.54  11.3     N   18.8   19.6   19.6    ---   845.5  0.76   7.4     0     0.00      0     0.0  0.00   0.0   0.000   0.003   24.3    42   10.6   23.9   7.93  .9757     0.00   233    1    100.0   10 
 2/09/26  8:20p   18.6   18.7   18.4    92   17.2   0.0   NNE   0.00   6.4     N   18.6   19.2   19.2    ---   845.7  0.25   5.6     0     0.00      0     0.0  0.00   0.0   0.000   0.002   24.3    39    9.5   23.8   7.53  .9770     0.00   231    1    100.0   10 
 2/09/26  8:30p   18.4   18.4   18.3    92   17.1   0.0   NNE   0.00   6.4   NNE   18.4   19.0   19.0    ---   845.9  0.51   2.0     0     0.00      0     0.0  0.00   0.0   0.000   0.000   24.3    38    9.1   23.8   7.33  .9775     0.00   228    1    100.0   10 
 2/09/26  8:40p   18.2   18.3   18.2    92   16.9   0.0   NNE   0.00   4.8   NNE   18.2   18.8   18.8    ---   846.0  0.00   1.5     0     0.00      0     0.0  0.00   0.0   0.001   0.000   24.3    37    8.7   23.7   7.23  .9781     0.00   230    1    100.0   10 
 2/09/26  8:50p   18.2   18.2   18.2    92   16.9   0.0   NNE   0.00   6.4   NNE   18.2   18.8   18.8    ---   846.2  0.51   3.3     0     0.00      0     0.0  0.00   0.0   0.001   0.000   24.3    36    8.3   23.7   7.03  .9786     0.00   229    1    100.0   10 
 2/09/26  9:00p   18.1   18.2   18.0    93   17.0   0.0   NNE   0.00   4.8   NNE   18.1   18.7   18.7    ---   846.2  0.25   3.3     0     0.00      0     0.0  0.00   0.0   0.002   0.000   24.3    38    9.1   23.8   7.33  .9780     0.00   229    1    100.0   10 
 2/09/26  9:10p   18.0   18.1   18.0    93   16.9   0.0   NNE   0.00   1.6   NNE   18.0   18.6   18.6    ---   846.4  0.25   1.8     0     0.00      0     0.0  0.00   0.0   0.002   0.000   24.3    35    7.9   23.7   6.93  .9792     0.00   231    1    100.0   10 
 2/09/26  9:20p   17.9   18.0   17.9    93   16.8   0.0   NNE   0.00   1.6   NNE   17.9   18.5   18.5    ---   846.3  0.51   2.3     0     0.00      0     0.0  0.00   0.0   0.003   0.000   24.3    35    7.9   23.7   6.93  .9791     0.00   227    1     99.6   10 
 2/09/26  9:30p   17.9   17.9   17.8    93   16.8   0.0   NNE   0.00   1.6   NNE   17.9   18.5   18.5    ---   846.3  0.00   1.3     0     0.00      0     0.0  0.00   0.0   0.003   0.000   24.3    35    7.9   23.7   6.93  .9791     0.00   229    1    100.0   10 
 2/09/26  9:40p   17.8   17.8   17.8    93   16.7   0.0   ---   0.00   0.0   ---   17.8   18.3   18.3    ---   846.3  0.00   0.0     0     0.00      0     0.0  0.00   0.0   0.003   0.000   24.3    36    8.3   23.7   7.03  .9788     0.00   229    1    100.0   10 
 2/09/26  9:50p   17.7   17.8   17.7    93   16.6   0.0   ---   0.00   0.0   ---   17.7   18.2   18.2    ---   846.3  0.25   0.0     0     0.00      0     0.0  0.00   0.0   0.004   0.000   24.3    35    7.8   23.6   6.94  .9794     0.00   231    1    100.0   10 
 2/09/26 10:00p   17.7   17.7   17.6    94   16.7   0.0   ---   0.00   0.0   ---   17.7   18.2   18.2    ---   846.3  0.00   0.0     0     0.00      0     0.0  0.00   0.0   0.005   0.000   24.2    34    7.4   23.5   6.74  .9799     0.00   233    1    100.0   10 
 2/09/26 10:10p   17.7   17.7   17.7    94   16.7   0.0   ---   0.00   0.0   ---   17.7   18.2   18.2    ---   846.3  0.00   0.0     0     0.00      0     0.0  0.00   0.0   0.005   0.000   24.2    34    7.4   23.5   6.74  .9799     0.00   227    1     99.6   10 
 2/09/26 10:20p   17.7   17.7   17.7    94   16.7   0.0   ---   0.00   0.0   ---   17.7   18.2   18.2    ---   846.2  0.25   0.0     0     0.00      0     0.0  0.00   0.0   0.005   0.000   24.2    34    7.4   23.5   6.74  .9798     0.00   231    1    100.0   10 
 2/09/26 10:30p   17.7   17.7   17.7    94   16.7   0.0   ---   0.00   0.0   ---   17.7   18.2   18.2    ---   846.1  0.00   0.0     0     0.00      0     0.0  0.00   0.0   0.004   0.000   24.2    34    7.4   23.5   6.74  .9797     0.00   231    1    100.0   10 
 2/09/26 10:40p   17.7   17.7   17.7    94   16.7   0.0   ---   0.00   0.0   ---   17.7   18.2   18.2    ---   846.1  0.25   0.0     0     0.00      0     0.0  0.00   0.0   0.004   0.000   24.2    36    8.2   23.6   7.04  .9789     0.00   229    1    100.0   10 
 2/09/26 10:50p   17.7   17.7   17.7    94   16.7   0.0   ---   0.00   0.0   ---   17.7   18.2   18.2    ---   846.1  0.00   0.0     0     0.00      0     0.0  0.00   0.0   0.005   0.000   24.1    35    7.7   23.4   6.94  .9797     0.00   232    1    100.0   10 
 2/09/26 11:00p   17.7   17.7   17.6    94   16.7   0.0   ---   0.00   0.0   ---   17.7   18.2   18.2    ---   846.1  0.25   0.0     0     0.00      0     0.0  0.00   0.0   0.005   0.000   24.1    34    7.3   23.4   6.74  .9801     0.00   229    1    100.0   10 
 2/09/26 11:10p   17.7   17.7   17.7    94   16.7   0.0   ---   0.00   0.0   ---   17.7   18.2   18.2    ---   846.1  0.00   0.0     0     0.00      0     0.0  0.00   0.0   0.005   0.000   24.1    34    7.3   23.4   6.74  .9801     0.00   231    1    100.0   10 
 2/09/26 11:20p   17.7   17.7   17.6    94   16.7   0.0   ---   0.00   0.0   ---   17.7   18.2   18.2    ---   846.0  0.25   0.0     0     0.00      0     0.0  0.00   0.0   0.005   0.000   24.1    37    8.5   23.5   7.24  .9790     0.00   231    1    100.0   10 
 2/09/26 11:30p   17.6   17.6   17.5    94   16.6   0.0   ---   0.00   0.0   ---   17.6   18.1   18.1    ---   846.0  0.25   1.0     0     0.00      0     0.0  0.00   0.0   0.005   0.000   24.0    35    7.6   23.3   6.95  .9801     0.00   229    1    100.0   10 
 2/09/26 11:40p   17.4   17.5   17.4    94   16.5   0.0   ---   0.00   0.0   ---   17.4   17.9   17.9    ---   846.1  0.00   1.0     0     0.00      0     0.0  0.00   0.0   0.006   0.000   24.0    34    7.2   23.3   6.75  .9805     0.00   232    1    100.0   10 
 2/09/26 11:50p   17.4   17.4   17.4    95   16.6   0.0   ---   0.00   0.0   ---   17.4   17.9   17.9    ---   846.0  0.25   1.0     0     0.00      0     0.0  0.00   0.0   0.006   0.000   24.0    34    7.2   23.3   6.75  .9804     0.00   228    1    100.0   10 
 3/09/26 12:00a   17.4   17.5   17.4    95   16.6   0.0   ---   0.00   0.0   ---   17.4   17.9   17.9    ---   846.0  0.00   0.0     0     0.00      0     0.0  0.00   0.0   0.006   0.000   24.0    34    7.2   23.3   6.75  .9805     0.00   232    1    100.0   10 
 3/09/26 12:10a   17.4   17.5   17.4    95   16.6   0.0   ---   0.00   0.0   ---   17.4   17.9   17.9    ---   845.9  0.25   0.0     0     0.00      0     0.0  0.00   0.0   0.006   0.000   24.0    34    7.2   23.3   6.75  .9803     0.00   231    1    100.0   10 
 3/09/26 12:20a   17.5   17.6   17.5    95   16.7   0.0   ---   0.00   0.0   ---   17.5   18.0   18.0    ---   845.9  0.00   0.0     0     0.00      0     0.0  0.00   0.0   0.006   0.000   24.0    34    7.2   23.3   6.75  .9804     0.00   227    1     99.6   10 
 3/09/26 12:30a   17.6   17.6   17.6    95   16.7   0.0   ---   0.00   0.0   ---   17.6   18.1   18.1    ---   845.8  0.25   0.0     0     0.00      0     0.0  0.00   0.0   0.005   0.000   24.0    35    7.6   23.3   6.95  .9799     0.00   231    1    100.0   10 
 3/09/26 12:40a   17.7   17.7   17.6    95   16.9   0.0   ---   0.00   0.0   ---   17.7   18.2   18.2    ---   845.7  0.00   0.0     0     0.00      0     0.0  0.00   0.0   0.005   0.000   24.0    34    7.2   23.3   6.75  .9801     0.00   227    1     99.6   10 
 3/09/26 12:50a   17.7   17.7   17.7    95   16.9   0.0   ---   0.00   0.0   ---   17.7   18.3   18.3    ---   845.7  0.00   0.0     0     0.00      0     0.0  0.00   0.0   0.004   0.000   23.9    36    8.0   23.3   7.05  .9796     0.00   230    1    100.0   10 
 3/09/26  1:00a   17.7   17.8   17.7    95   16.9   0.0   ---   0.00   0.0   ---   17.7   18.3   18.3    ---   845.7  0.00   0.0     0     0.00      0     0.0  0.00   0.0   0.004   0.000   23.9    36    7.9   23.3   7.05  .9798     0.00   230    1    100.0   10 
 3/09/26  1:10a   17.8   17.8   17.8    95   17.0   0.0   ---   0.00   0.0   ---   17.8   18.3   18.3    ---   845.6  0.00   0.0     0     0.00      0     0.0  0.00   0.0   0.004   0.000   23.9    35    7.5   23.2   6.95  .9801     0.00   227    1     99.6   10 
 3/09/26  1:20a   17.8   17.8   17.8    95   17.0   0.0   NNE   0.00   1.6   NNE   17.8   18.3   18.3    ---   845.6  0.00   0.0     0     0.00      0     0.0  0.00   0.0   0.004   0.000   23.9    36    7.9   23.3   7.05  .9798     0.00   232    1    100.0   10 
 3/09/26  1:30a   17.8   17.8   17.7    95   17.0   0.0   NNE   0.00   4.8   NNE   17.8   18.3   18.3    ---   845.6  0.25   0.0     0     0.00      0     0.0  0.00   0.0   0.004   0.000   23.9    36    7.9   23.3   7.05  .9797     0.00   231    1    100.0   10 
 3/09/26  1:40a   17.7   17.7   17.7    95   16.9   0.0   ---   0.00   0.0   ---   17.7   18.2   18.2    ---   845.7  0.00   0.0     0     0.00      0     0.0  0.00   0.0   0.005   0.000   23.9    36    7.9   23.3   7.05  .9798     0.00   229    1    100.0   10 
 3/09/26  1:50a   17.7   17.7   17.6    95   16.9   0.0   NNE   0.00   3.2   NNE   17.7   18.2   18.2    ---   845.6  0.00   0.0     0     0.00      0     0.0  0.00   0.0   0.005   0.000   23.8    37    8.3   23.2   7.25  .9796     0.00   231    1    100.0   10 
 3/09/26  2:00a   17.6   17.6   17.5    95   16.7   0.0    NE   0.00   1.6    NE   17.6   18.1   18.1    ---   845.5  0.00   0.0     0     0.00      0     0.0  0.00   0.0   0.005   0.000   23.8    38    8.7   23.3   7.35  .9792     0.00   227    1     99.6   10 
 3/09/26  2:10a   17.4   17.5   17.4    95   16.6   0.0   ---   0.00   0.0   ---   17.4   17.9   17.9    ---   845.4  0.00   0.0     0     0.00      0     0.0  0.00   0.0   0.006   0.000   23.8    36    7.9   23.2   7.05  .9797     0.00   230    1    100.0   10 
 3/09/26  2:20a   17.4   17.4   17.4    95   16.6   0.0   ---   0.00   0.0   ---   17.4   17.9   17.9    ---   845.3  0.25   0.0     0     0.00      0     0.0  0.00   0.0   0.006   0.000   23.8    34    7.0   23.1   6.75  .9804     0.00   231    1    100.0   10 
 3/09/26  2:30a   17.4   17.4   17.4    95   16.6   0.0    NE   0.00   1.6    NE   17.4   17.9   17.9    ---   845.3  0.00   0.0     0     0.00      0     0.0  0.00   0.0   0.007   0.000   23.9    35    7.5   23.2   6.95  .9797     0.00   231    1    100.0   10 
 3/09/26  2:40a   17.4   17.4   17.4    95   16.6   0.0   NNE   0.00   3.2   NNE   17.4   17.9   17.9    ---   845.3  0.00   0.0     0     0.00      0     0.0  0.00   0.0   0.007   0.000   23.9    36    7.9   23.3   7.05  .9794     0.00   233    1    100.0   10 
 3/09/26  2:50a   17.3   17.4   17.3    95   16.5   0.0   ---   0.00   0.0   ---   17.3   17.8   17.8    ---   845.3  0.00   0.0     0     0.00      0     0.0  0.00   0.0   0.007   0.000   23.9    35    7.5   23.2   6.95  .9797     0.00   227    1     99.6   10 
 3/09/26  3:00a   17.3   17.3   17.2    95   16.5   0.0   NNE   0.00   4.8   NNE   17.3   17.7   17.7    ---   845.2  0.00   0.0     0     0.00      0     0.0  0.00   0.0   0.007   0.000   23.8    34    7.0   23.1   6.75  .9802     0.00   230    1    100.0   10 
 3/09/26  3:10a   17.2   17.2   17.2    95   16.4   0.0   NNE   0.00   1.6   NNE   17.2   17.7   17.7    ---   845.2  0.00   0.0     0     0.00      0     0.0  0.00   0.0   0.008   0.000   23.8    36    7.9   23.2   7.05  .9795     0.00   233    1    100.0   10 
 3/09/26  3:20a   17.2   17.2   17.2    95   16.4   0.0   ---   0.00   0.0   ---   17.2   17.6   17.6    ---   845.2  0.00   0.0     0     0.00      0     0.0  0.00   0.0   0.008   0.000   23.8    36    7.8   23.2   7.06  .9798     0.00   231    1    100.0   10 
 3/09/26  3:30a   17.2   17.2   17.2    95   16.4   0.0   NNE   0.00   4.8   NNE   17.2   17.6   17.6    ---   845.2  0.00   0.0     0     0.00      0     0.0  0.00   0.0   0.008   0.000   23.7    37    8.1   23.1   7.26  .9798     0.00   230    1    100.0   10 
 3/09/26  3:40a   17.2   17.2   17.2    95   16.4   0.0   ---   0.00   0.0   ---   17.2   17.6   17.6    ---   845.1  0.00   0.0     0     0.00      0     0.0  0.00   0.0   0.008   0.000   23.7    38    8.5   23.1   7.37  .9794     0.00   229    1    100.0   10 
 3/09/26  3:50a   17.2   17.2   17.2    95   16.4   0.0   ---   0.00   0.0   ---   17.2   17.6   17.6    ---   845.1  0.00   0.0     0     0.00      0     0.0  0.00   0.0   0.008   0.000   23.7    36    7.8   23.1   7.06  .9798     0.00   230    1    100.0   10 
 3/09/26  4:00a   17.2   17.2   17.2    95   16.4   0.0   ---   0.00   0.0   ---   17.2   17.6   17.6    ---   844.9  0.00   0.0     0     0.00      0     0.0  0.00   0.0   0.008   0.000   23.7    36    7.8   23.1   7.06  .9796     0.00   230    1    100.0   10 
 3/09/26  4:10a   17.2   17.2   17.2    95   16.4   0.0   ---   0.00   0.0   ---   17.2   17.6   17.6    ---   844.8  0.00   0.0     0     0.00      0     0.0  0.00   0.0   0.008   0.000   23.7    35    7.3   23.1   6.96  .9799     0.00   228    1    100.0   10 
 3/09/26  4:20a   17.2   17.2   17.2    95   16.4   0.0   ---   0.00   0.0   ---   17.2   17.7   17.7    ---   844.8  0.00   0.0     0     0.00      0     0.0  0.00   0.0   0.008   0.000   23.8    37    8.2   23.2   7.25  .9789     0.00   232    1    100.0   10 
 3/09/26  4:30a   17.2   17.2   17.2    95   16.4   0.0   ---   0.00   0.0   ---   17.2   17.6   17.6    ---   844.7  0.00   0.0     0     0.00      0     0.0  0.00   0.0   0.008   0.000   23.7    36    7.8   23.1   7.06  .9794     0.00   230    1    100.0   10 
 3/09/26  4:40a   17.2   17.2   17.2    95   16.4   0.0   ---   0.00   0.0   ---   17.2   17.6   17.6    ---   844.7  0.00   0.0     0     0.00      0     0.0  0.00   0.0   0.008   0.000   23.7    37    8.2   23.1   7.26  .9790     0.00   227    1     99.6   10 
 3/09/26  4:50a   17.1   17.2   17.1    95   16.3   0.0   ---   0.00   0.0   ---   17.1   17.6   17.6    ---   844.6  0.00   0.0     0     0.00      0     0.0  0.00   0.0   0.008   0.000   23.7    36    7.8   23.1   7.06  .9793     0.00   231    1    100.0   10 
 3/09/26  5:00a   17.1   17.1   17.1    95   16.3   0.0   ---   0.00   0.0   ---   17.1   17.6   17.6    ---   844.6  0.00   0.0     0     0.00      0     0.0  0.00   0.0   0.008   0.000   23.7    35    7.3   23.1   6.96  .9796     0.00   228    1    100.0   10 
 3/09/26  5:10a   17.1   17.1   17.1    95   16.2   0.0   ---   0.00   0.0   ---   17.1   17.5   17.5    ---   844.6  0.00   0.0     0     0.00      0     0.0  0.00   0.0   0.009   0.000   23.7    34    6.9   23.0   6.76  .9800     0.00   231    1    100.0   10 
 3/09/26  5:20a   17.1   17.1   17.1    95   16.3   0.0   ---   0.00   0.0   ---   17.1   17.6   17.6    ---   844.6  0.00   0.0     0     0.00      0     0.0  0.00   0.0   0.008   0.000   23.7    34    6.9   23.0   6.76  .9799     0.00   232    1    100.0   10 
 3/09/26  5:30a   17.1   17.1   17.1    95   16.3   0.0   ---   0.00   0.0   ---   17.1   17.6   17.6    ---   844.7  0.00   0.0     0     0.00      0     0.0  0.00   0.0   0.008   0.000   23.8    34    7.0   23.1   6.75  .9796     0.00   230    1    100.0   10 
 3/09/26  5:40a   17.1   17.1   17.1    95   16.3   0.0   ---   0.00   0.0   ---   17.1   17.6   17.6    ---   844.8  0.00   0.0     0     0.00      0     0.0  0.00   0.0   0.008   0.000   23.8    33    6.6   23.1   6.55  .9800     0.00   232    1    100.0   10 
 3/09/26  5:50a   17.1   17.1   17.1    95   16.3   0.0   ---   0.00   0.0   ---   17.1   17.6   17.6    ---   844.8  0.00   0.0     0     0.00      0     0.0  0.00   0.0   0.008   0.000   23.8    33    6.6   23.1   6.55  .9801     0.00   229    1    100.0   10 
 3/09/26  6:00a   17.1   17.1   17.1    95   16.3   0.0   ---   0.00   0.0   ---   17.1   17.6   17.6    ---   844.8  0.00   0.0     0     0.00      0     0.0  0.00   0.0   0.008   0.000   23.8    33    6.5   23.0   6.55  .9803     0.00   230    1    100.0   10 
 3/09/26  6:10a   17.1   17.1   17.1    95   16.3   0.0   ---   0.00   0.0   ---   17.1   17.6   17.6    ---   844.8  0.00   0.0     0     0.00      0     0.0  0.00   0.0   0.008   0.000   23.8    33    6.6   23.1   6.55  .9801     0.00   231    1    100.0   10 
 3/09/26  6:20a   17.1   17.1   17.1    95   16.3   0.0   ---   0.00   0.0   ---   17.1   17.6   17.6    ---   844.9  0.00   0.0     0     0.00      0     0.0  0.00   0.0   0.008   0.000   23.9    33    6.7   23.2   6.55  .9798     0.00   226    1     99.1   10 
 3/09/26  6:30a   17.1   17.2   17.1    96   16.5   0.0   ---   0.00   0.0   ---   17.1   17.6   17.6    ---   845.0  0.00   0.0     0     0.00      0     0.0  0.00   0.0   0.008   0.000   24.1    34    7.3   23.4   6.74  .9788     0.00   230    1    100.0   10 
 3/09/26  6:40a   17.1   17.2   17.1    96   16.5   0.0   ---   0.00   0.0   ---   17.1   17.6   17.6    ---   845.0  0.00   0.0     1     0.01      5     0.0  0.00   0.0   0.008   0.000   24.1    33    6.8   23.3   6.55  .9792     0.00   229    1    100.0   10 
 3/09/26  6:50a   17.1   17.2   17.1    96   16.5   0.0   ---   0.00   0.0   ---   17.1   17.6   17.6    ---   845.0  0.00   0.0    19     0.27     28     0.0  0.00   0.0   0.008   0.000   24.1    34    7.3   23.4   6.74  .9789     0.00   230    1    100.0   10 
 3/09/26  7:00a   17.2   17.2   17.1    96   16.5   0.0   ---   0.00   0.0   ---   17.2   17.6   17.6    ---   845.2  0.00   0.0    34     0.49     37     0.0  0.00   0.0   0.008   0.000   24.2    35    7.8   23.6   6.94  .9783     0.00   232    1    100.0   10 
 3/09/26  7:10a   17.2   17.3   17.2    96   16.6   0.0   ---   0.00   0.0   ---   17.2   17.7   17.7    ---   845.2  0.00   0.0    39     0.56     40     0.0  0.00   0.0   0.008   0.000   24.3    34    7.4   23.6   6.74  .9785     0.00   227    1     99.6   10 
 3/09/26  7:20a   17.3   17.4   17.3    96   16.7   0.0   ---   0.00   0.0   ---   17.3   17.8   17.8    ---   845.4  0.00   0.0    41     0.59     44     0.0  0.00   0.0   0.007   0.000   24.3    33    7.0   23.6   6.55  .9787     0.00   232    1    100.0   10 
 3/09/26  7:30a   17.4   17.4   17.4    96   16.8   0.0   ---   0.00   0.0   ---   17.4   17.9   17.9    ---   845.5  0.00   0.0    45     0.65     47     0.0  0.00   0.0   0.006   0.000   24.4    33    7.1   23.7   6.55  .9786     0.00   231    1    100.0   10 
 3/09/26  7:40a   17.5   17.6   17.4    96   16.9   0.0   ---   0.00   0.0   ---   17.5   18.0   18.0    ---   845.6  0.00   0.0    50     0.72     53     0.0  0.00   0.0   0.006   0.000   24.4    33    7.1   23.7   6.55  .9785     0.00   229    1    100.0   10 
 3/09/26  7:50a   17.6   17.7   17.6    96   17.0   0.0   ---   0.00   0.0   ---   17.6   18.2   18.2    ---   845.7  0.00   0.0    59     0.85     65     1.8  0.13   2.3   0.005   0.000   24.5    34    7.6   23.8   6.73  .9780     0.00   229    1    100.0   10 
 3/09/26  8:00a   17.7   17.7   17.7    96   17.1   0.0   ---   0.00   0.0   ---   17.7   18.3   18.3    ---   845.6  0.00   0.0    71     1.02     77     2.2  0.16   2.5   0.004   0.000   24.6    34    7.7   23.9   6.72  .9776     0.03   228    1    100.0   10 
 3/09/26  8:10a   17.8   17.8   17.7    96   17.1   0.0   ---   0.00   0.0   ---   17.8   18.3   18.3    ---   845.7  0.00   0.0    76     1.09     77     2.3  0.16   2.6   0.004   0.000   24.6    34    7.7   23.9   6.72  .9776     0.00   230    1    100.0   10 
 3/09/26  8:20a   17.8   17.9   17.8    96   17.2   0.0   ---   0.00   0.0   ---   17.8   18.4   18.4    ---   845.7  0.00   0.0   101     1.45    139     2.4  0.17   2.6   0.003   0.000   24.7    33    7.4   24.1   6.55  .9775     0.00   231    1    100.0   10 
 3/09/26  8:30a   17.9   18.0   17.9    96   17.3   0.0   ---   0.00   0.0   ---   17.9   18.6   18.6    ---   845.7  0.00   0.0   117     1.68    135     2.4  0.17   2.7   0.003   0.000   24.8    33    7.5   24.2   6.55  .9771     0.00   230    1    100.0   10 
 3/09/26  8:40a   18.0   18.1   18.0    96   17.4   0.0   NNE   0.00   4.8   NNE   18.0   18.6   18.6    ---   845.9  0.00   0.0   126     1.81    144     3.0  0.21   3.3   0.002   0.000   24.9    35    8.4   24.4   6.91  .9761     0.00   231    1    100.0   10 
 3/09/26  8:50a   18.2   18.2   18.1    96   17.5   0.0     N   0.00   6.4     N   18.2   18.8   18.8    ---   845.9  0.00   0.0   163     2.34    172     3.1  0.22   3.5   0.001   0.000   25.1    33    7.7   24.5   6.55  .9762     0.00   230    1    100.0   10 
 3/09/26  9:00a   18.2   18.3   18.2    96   17.6   0.0   NNE   0.00   3.2   NNE   18.2   18.9   18.9    ---   845.9  0.00   0.0   196     2.81    225     3.2  0.23   3.7   0.001   0.000   25.2    33    7.8   24.6   6.55  .9758     0.08   230    1    100.0   10 
 3/09/26  9:10a   18.3   18.3   18.2    96   17.6   1.6   NNE   0.27   6.4     N   18.3   18.9   18.9    ---   845.9  0.00   0.0   231     3.31    264     3.3  0.24   4.1   0.000   0.000   25.4    33    7.9   24.7   6.55  .9752     0.00   231    1    100.0   10 
 3/09/26  9:20a   18.1   18.4   18.3    96   17.5   0.0     N   0.00   4.8     N   18.1   18.7   18.7    ---   845.9  0.00   0.0   274     3.93    313     3.4  0.24   3.8   0.002   0.000   25.6    33    8.1   24.8   6.55  .9742     0.00   229    1    100.0   10 
 3/09/26  9:30a   18.6   18.7   18.4    96   18.0   0.0   ---   0.00   0.0   ---   18.6   19.3   19.3    ---   845.9  0.00   0.0   292     4.19    441     3.4  0.24   3.7   0.000   0.002   25.9    32    7.9   25.1   6.38  .9735     0.00   232    1    100.0   10 
 3/09/26  9:40a   18.7   18.8   18.6    95   17.9   0.0     N   0.00   6.4   NNW   18.7   19.4   19.4    ---   846.0  0.00   0.0   357     5.12    418     3.7  0.26   4.1   0.000   0.003   26.1    33    8.6   25.3   6.55  .9723     0.00   228    1    100.0   10 
 3/09/26  9:50a   18.7   18.9   18.5    96   18.1   0.0    NE   0.00   6.4   ENE   18.7   19.5   19.5    ---   846.0  0.00   0.0   385     5.52    438     3.9  0.28   5.1   0.000   0.003   26.2    33    8.7   25.4   6.55  .9719     0.00   231    1    100.0   10 
 3/09/26 10:00a   19.0   19.1   18.9    96   18.3   0.0    NE   0.00   3.2    NE   19.0   19.8   19.8    ---   845.9  0.00   0.0   434     6.22    473     4.0  0.29   4.3   0.000   0.005   26.3    34    9.2   25.5   6.66  .9712     0.20   231    1    100.0   10 
 3/09/26 10:10a   19.3   19.6   19.1    96   18.7   0.0    NE   0.00   4.8    NE   19.3   20.2   20.2    ---   845.8  0.00   0.0   294     4.21    346     3.5  0.25   4.0   0.000   0.007   26.4    33    8.8   25.5   6.55  .9710     0.00   230    1    100.0   10 
 3/09/26 10:20a   19.4   19.6   19.3    94   18.5   0.0   NNW   0.00   4.8    NW   19.4   20.3   20.3    ---   845.9  0.00   0.0   249     3.57    292     3.3  0.24   3.8   0.000   0.008   26.3    35    9.6   25.6   6.86  .9707     0.00   233    1    100.0   10 
 3/09/26 10:30a   19.7   20.0   19.3    94   18.7   0.0     W   0.00   1.6     W   19.7   20.6   20.6    ---   845.8  0.00   0.0   289     4.14    348     3.5  0.25   4.1   0.000   0.009   26.3    35    9.6   25.6   6.86  .9704     0.00   229    1    100.0   10 
 3/09/26 10:40a   20.3   20.5   20.0    93   19.1   0.0   WNW   0.00   4.8   WNW   20.3   21.4   21.4    ---   845.9  0.00   0.0   322     4.62    366     4.2  0.30   5.9   0.000   0.014   26.6    35    9.9   25.8   6.85  .9694     0.00   229    1    100.0   10 
 3/09/26 10:50a   20.7   20.8   20.4    89   18.8   1.6   WNW   0.27   9.7   WNW   20.7   21.7   21.7    ---   845.8  0.00   0.0   288     4.13    322     4.2  0.30   5.8   0.000   0.016   27.7    34   10.4   26.8   6.58  .9655     0.00   229    1    100.0   10 
 3/09/26 11:00a   21.1   21.5   20.8    86   18.6   0.0    NW   0.00   3.2    NW   21.1   21.9   21.9    ---   845.8  0.00   0.0   389     5.58   1055     4.4  0.31   6.4   0.000   0.019   28.2    34   10.8   27.4   6.54  .9633     0.23   229    1    100.0   10 
 3/09/26 11:10a   22.0   22.4   21.5    81   18.6   1.6   SSW   0.27   8.0   SSW   22.0   22.8   22.8    ---   845.7  0.00   0.0   534     7.65    675     6.1  0.44   7.5   0.000   0.025   28.4    33   10.6   27.7   6.42  .9626     0.00   229    1    100.0   10 
 3/09/26 11:20a   22.6   22.7   22.4    78   18.6   1.6    SW   0.27   8.0    SW   22.6   23.4   23.4    ---   845.8  0.00   0.0   430     6.16    766     5.2  0.37   7.2   0.000   0.030   28.7    33   10.8   27.9   6.41  .9618     0.00   230    1    100.0   10 
 3/09/26 11:30a   22.8   22.8   22.7    76   18.3   0.0   WSW   0.00   4.8   SSW   22.8   23.7   23.7    ---   845.8  0.00   0.0   584     8.37   1004     6.0  0.43   8.4   0.000   0.031   28.7    33   10.9   28.1   6.40  .9615     0.00   232    1    100.0   10 
 3/09/26 11:40a   23.1   23.4   22.8    75   18.4   1.6     S   0.27   8.0     S   23.1   24.0   24.0    ---   845.7  0.00   0.0   618     8.86    874     6.8  0.49   7.8   0.000   0.033   28.9    32   10.5   28.2   6.27  .9612     0.00   228    1    100.0   10 
 3/09/26 11:50a   23.9   24.3   23.4    72   18.5   0.0     S   0.00   6.4     S   23.9   24.9   24.9    ---   845.5  0.00   0.0  1033    14.81   1114     8.2  0.59   8.8   0.000   0.039   29.1    32   10.7   28.4   6.26  .9601     0.00   233    1    100.0   10 
 3/09/26 12:00p   24.8   25.1   24.3    64   17.6   0.0    NE   0.00   6.4    NE   24.8   25.5   25.5    ---   845.3  0.00   0.0   983    14.09    993     8.1  0.58   8.4   0.000   0.045   29.3    31   10.4   28.4   6.15  .9597     0.48   231    1    100.0   10 
 3/09/26 12:10p   25.3   25.4   25.1    64   18.0   0.0    SW   0.00   1.6   SSE   25.3   26.1   26.1    ---   845.2  0.00   0.0   973    13.95    981     8.1  0.58   8.3   0.000   0.049   29.4    32   11.0   28.7   6.25  .9584     0.00   231    1    100.0   10 
 3/09/26 12:20p   25.7   26.1   25.4    61   17.6   0.0    SW   0.00   4.8    SW   25.7   26.3   26.3    ---   845.0  0.00   0.0   992    14.22   1004     8.3  0.59   8.6   0.000   0.051   29.5    31   10.6   28.6   6.15  .9585     0.00   232    1    100.0   10 
 3/09/26 12:30p   26.3   26.4   26.1    62   18.4   0.0     W   0.00   3.2   WNW   26.3   27.1   27.1    ---   844.8  0.25   0.0  1018    14.59   1048     7.8  0.56   8.4   0.000   0.055   29.6    30   10.1   28.6   6.05  .9585     0.00   228    1    100.0   10 
 3/09/26 12:40p   26.4   26.4   26.4    63   18.8   1.6   WNW   0.27   6.4   NNW   26.4   27.3   27.3    ---   844.6  0.00   0.0   566     8.11    896     6.6  0.47   8.0   0.000   0.056   29.5    30   10.1   28.5   6.05  .9585     0.00   233    1    100.0   10 
 3/09/26 12:50p   26.5   26.6   26.4    60   18.1   1.6   NNW   0.27   6.4   NNW   26.5   27.2   27.2    ---   844.3  0.00   0.0   935    13.40   1018     7.1  0.51   8.0   0.000   0.057   29.4    31   10.5   28.6   6.15  .9579     0.00   229    1    100.0   10 
 3/09/26  1:00p   26.4   26.5   26.3    60   18.0   1.6    NW   0.27   8.0   NNW   26.4   27.1   27.1    ---   844.1  0.00   0.0   982    14.08   1000     7.9  0.56   8.2   0.000   0.056   29.5    31   10.6   28.6   6.15  .9574     0.58   233    1    100.0   10 
 3/09/26  1:10p   26.6   26.8   26.3    57   17.4   0.0   NNE   0.00   4.8   NNE   26.6   27.1   27.1    ---   843.9  0.00   0.0  1007    14.44   1032     7.9  0.56   8.3   0.000   0.057   29.6    30   10.1   28.6   6.05  .9574     0.00   229    1    100.0   10 
 3/09/26  1:20p   27.1   27.4   26.8    57   17.9   1.6     E   0.27  11.3     E   27.1   27.8   27.8    ---   843.6  0.00   0.0   999    14.32   1016     7.7  0.55   8.0   0.000   0.061   29.7    29    9.7   28.6   5.84  .9572     0.00   230    1    100.0   10 
 3/09/26  1:30p   27.6   27.8   27.4    54   17.5   0.0   ENE   0.00   8.0   ENE   27.6   28.2   28.2    ---   843.4  0.00   0.0   787    11.28   1002     6.6  0.47   8.1   0.000   0.064   29.7    29    9.7   28.6   5.84  .9569     0.00   231    1    100.0   10 
 3/09/26  1:40p   27.8   27.9   27.7    55   17.9   0.0    NE   0.00   4.8    NE   27.8   28.6   28.6    ---   843.3  0.00   0.0   179     2.57    258     5.9  0.42   7.0   0.000   0.066   29.6    29    9.7   28.6   5.84  .9570     0.00   231    1    100.0   10 
 3/09/26  1:50p   27.8   27.9   27.7    55   18.0   0.0    SE   0.00   4.8   ESE   27.8   28.7   28.7    ---   843.2  0.00   0.0   154     2.21    178     5.3  0.38   7.1   0.000   0.066   29.6    29    9.6   28.5   5.85  .9571     0.00   229    1    100.0   10 
 3/09/26  2:00p   27.9   28.0   27.9    55   18.1   0.0   ESE   0.00   4.8   ESE   27.9   28.8   28.8    ---   843.1  0.00   0.0   156     2.24    160     6.9  0.49   7.4   0.000   0.067   29.6    29    9.6   28.5   5.85  .9570     0.36   231    1    100.0   10 
 3/09/26  2:10p   28.2   28.5   28.0    53   17.7   1.6   ESE   0.27   8.0   ESE   28.2   29.1   29.1    ---   842.9  0.00   0.0   407     5.83    668     6.8  0.49   7.2   0.000   0.069   29.7    30   10.2   28.7   6.04  .9559     0.00   230    1    100.0   10 
 3/09/26  2:20p   28.8   29.1   28.5    50   17.3   1.6    SE   0.27   8.0    SE   28.8   29.7   29.7    ---   842.8  0.00   0.0   816    11.70    875     5.9  0.42   6.9   0.000   0.073   29.7    30   10.2   28.7   6.04  .9557     0.00   233    1    100.0   10 
 3/09/26  2:30p   29.2   29.4   29.1    49   17.4   1.6   SSE   0.27  11.3   SSE   29.2   30.1   30.1    ---   842.6  0.00   0.0   895    12.83    911     6.1  0.44   6.6   0.000   0.076   29.7    29    9.7   28.6   5.84  .9560     0.00   228    1    100.0   10 
 3/09/26  2:40p   29.7   29.8   29.4    48   17.5   0.0    SE   0.00   8.0   ESE   29.7   30.6   30.6    ---   842.4  0.00   0.0   650     9.32    923     5.1  0.36   6.3   0.000   0.079   29.7    28    9.2   28.5   5.65  .9563     0.00   231    1    100.0   10 
 3/09/26  2:50p   29.7   29.8   29.6    48   17.5   1.6   WSW   0.27   9.7    SE   29.7   30.6   30.6    ---   842.2  0.00   0.0   704    10.09    874     5.3  0.38   6.0   0.000   0.079   29.6    30   10.2   28.6   6.04  .9553     0.00   233    1    100.0   10 
 3/09/26  3:00p   29.3   29.6   29.1    49   17.5   1.6   WSW   0.27   8.0    SW   29.3   30.2   30.2    ---   842.0  0.00   0.0   838    12.01    868     5.1  0.36   5.8   0.000   0.076   29.6    29    9.7   28.6   5.84  .9555     0.48   229    1    100.0   10 
 3/09/26  3:10p   29.6   29.7   29.6    47   17.1   1.6    SW   0.27   8.0    SW   29.6   30.4   30.4    ---   841.9  0.00   0.0   465     6.67    485     3.3  0.24   3.3   0.000   0.078   29.5    29    9.6   28.4   5.85  .9558     0.00    65    1     28.5   10 
 3/09/26  3:20p   29.8   29.8   29.8    45   16.6   0.0    SW   0.00   3.2    SW   29.8   30.4   30.4    ---   841.8  0.00   0.0   817    11.71    830     3.1  0.22   3.4   0.000   0.079   28.8    30    9.5   27.8   6.05  .9581     0.00   103    1     45.2   10 
 3/09/26  3:30p   30.2   30.4   29.8    43   16.2   1.6    SW   0.27  11.3    SW   30.2   30.7   30.7    ---   841.8  0.00   0.0   715    10.25    768     3.0  0.21   3.2   0.000   0.082   28.4    30    9.1   27.3   6.05  .9596     0.00   231    1    100.0   10 
 3/09/26  3:40p   30.4   30.5   30.4    41   15.7   3.2    SW   0.54  11.3    SW   30.4   30.8   30.8    ---   841.7  0.00   0.0   364     5.22    605     2.7  0.19   3.0   0.000   0.084   28.1    30    8.9   27.0   6.05  .9608     0.00   231    1    100.0   10 
 3/09/26  3:50p   30.3   30.4   30.1    41   15.6   0.0    SW   0.00   3.2    SW   30.3   30.6   30.6    ---   841.5  0.00   0.0   268     3.84    329     2.6  0.19   3.0   0.000   0.083   27.8    30    8.6   26.7   6.05  .9617     0.00   229    1    100.0   10 
 3/09/26  4:00p   29.6   30.1   29.4    44   16.1   0.0    SW   0.00   1.6    SW   29.6   30.1   30.1    ---   841.5  0.00   0.0   175     2.51    227     2.3  0.16   2.6   0.000   0.078   27.6    30    8.5   26.6   6.05  .9624     0.36   230    1    100.0   10 
 3/09/26  4:10p   29.2   29.4   29.1    46   16.4   1.6     N   0.27   9.7     N   29.2   29.9   29.9    ---   841.4  0.00   0.0   157     2.25    165     2.1  0.15   2.4   0.000   0.076   27.5    30    8.4   26.4   6.05  .9627     0.00   230    1    100.0   10 
 3/09/26  4:20p   28.8   29.0   28.7    49   17.1   1.6   NNE   0.27  11.3     N   28.8   29.7   29.7    ---   841.4  0.00   0.0   161     2.31    167     2.2  0.16   2.4   0.000   0.073   27.4    30    8.3   26.3   6.05  .9631     0.00   230    1    100.0   10 
 3/09/26  4:30p   28.4   28.7   28.2    49   16.7   1.6   NNW   0.27   8.0    NW   28.4   29.1   29.1    ---   841.3  0.00   0.0   132     1.89    156     1.9  0.14   2.3   0.000   0.070   27.3    30    8.2   26.2   6.05  .9634     0.00   231    1    100.0   10 
 3/09/26  4:40p   27.9   28.1   27.8    51   16.9   0.0    NW   0.00   1.6   WNW   27.9   28.4   28.4    ---   841.1  0.00   0.0    84     1.20     97     1.6  0.11   2.0   0.000   0.067   27.2    30    8.1   26.1   6.05  .9637     0.00   228    1    100.0   10 
 3/09/26  4:50p   27.6   27.8   27.5    51   16.6   0.0    NW   0.00   1.6    NW   27.6   27.9   27.9    ---   841.2  0.00   0.0    64     0.92     72     1.6  0.11   2.0   0.000   0.064   27.0    31    8.4   25.9   6.15  .9640     0.00   231    1    100.0   10 
 3/09/26  5:00p   27.3   27.5   27.2    51   16.3   0.0     W   0.00   1.6   WSW   27.3   27.6   27.6    ---   841.2  0.00   0.0    52     0.75     60     0.6  0.04   1.7   0.000   0.062   26.8    31    8.2   25.7   6.15  .9650     0.10   230    1    100.0   10 
 3/09/26  5:10p   27.1   27.2   27.1    54   17.0   0.0    SW   0.00   1.6    SW   27.1   27.5   27.5    ---   841.4  0.00   0.0    40     0.57     47     0.0  0.00   0.0   0.000   0.061   26.7    31    8.1   25.6   6.15  .9656     0.00   229    1    100.0   10 
 3/09/26  5:20p   26.9   27.1   26.8    55   17.1   0.0   NNW   0.00   4.8    NW   26.9   27.4   27.4    ---   841.5  0.00   0.0    38     0.54     39     0.0  0.00   0.0   0.000   0.060   26.6    31    8.0   25.5   6.15  .9661     0.00   231    1    100.0   10 
 3/09/26  5:30p   26.7   26.8   26.7    57   17.5   0.0     N   0.00   6.4     N   26.7   27.3   27.3    ---   841.5  0.00   0.0    40     0.57     42     0.0  0.00   0.0   0.000   0.058   26.4    31    7.9   25.4   6.16  .9666     0.00   229    1    100.0   10 
 3/09/26  5:40p   26.6   26.7   26.5    59   17.9   1.6   NNE   0.27   8.0     N   26.6   27.2   27.2    ---   841.5  0.00   0.0    52     0.75     56     0.4  0.03   1.6   0.000   0.057   26.4    31    7.9   25.4   6.16  .9668     0.00   232    1    100.0   10 
 3/09/26  5:50p   26.4   26.5   26.4    58   17.5   1.6     N   0.27  11.3     N   26.4   27.0   27.0    ---   841.5  0.00   0.0    46     0.66     54     0.0  0.00   0.0   0.000   0.056   26.3    30    7.3   25.2   6.05  .9676     0.00   228    1    100.0   10 
 3/09/26  6:00p   26.3   26.4   26.3    57   17.1   3.2   NNE   0.54  14.5     N   26.3   26.8   26.8    ---   841.5  0.00   0.0    48     0.69     53     0.0  0.00   0.0   0.000   0.056   26.2    30    7.3   25.2   6.05  .9678     0.05   230    1    100.0   10 
 3/09/26  6:10p   26.2   26.3   26.2    57   17.0   6.4   NNE   1.07  17.7     N   26.2   26.7   26.7    ---   841.6  0.00   0.0    66     0.95     72     1.0  0.07   1.3   0.000   0.055   26.2    30    7.2   25.2   6.05  .9682     0.00   231    1    100.0   10 
 3/09/26  6:20p   26.2   26.2   26.2    59   17.5   3.2   NNW   0.54  17.7     N   26.2   26.7   26.7    ---   842.0  0.00   0.0    62     0.89     70     0.9  0.06   1.4   0.000   0.054   26.2    30    7.2   25.2   6.05  .9686     0.00   231    1    100.0   10 
 3/09/26  6:30p   26.2   26.2   26.1    61   18.1   1.6   NNW   0.27  11.3     N   26.2   26.8   26.8    ---   842.0  0.00   0.0    48     0.69     54     0.0  0.00   0.0   0.000   0.054   26.1    30    7.2   25.1   6.05  .9689     0.00   232    1    100.0   10 
 3/09/26  6:40p   25.8   26.1   25.3    68   19.5   1.6   WNW   0.27  14.5    NW   25.8   26.9   26.9    ---   842.2  0.00   0.0    20     0.29     28     0.0  0.00   0.0   0.000   0.052   26.1    32    8.1   25.2   6.37  .9683     0.00   229    1    100.0   10 
 3/09/26  6:50p   24.8   25.3   24.4    67   18.2   1.6   ESE   0.27  12.9    NW   24.8   25.6   25.6    ---   842.5  0.00   0.0     8     0.11     11     0.0  0.00   0.0   0.000   0.045   26.0    32    8.0   25.2   6.37  .9692     0.00   232    1    100.0   10 
 3/09/26  7:00p   24.2   24.4   24.1    68   17.9   3.2    SE   0.54  16.1    SE   24.2   25.1   25.1    ---   842.7  0.00   0.0     3     0.04      7     0.0  0.00   0.0   0.000   0.041   25.9    32    7.9   25.1   6.38  .9698     0.05   228    1    100.0   10 
 3/09/26  7:10p   23.8   24.0   23.5    69   17.7   4.8    SE   0.80  22.5    SE   23.8   24.7   24.7    ---   842.6  0.00   0.0     0     0.00      0     0.0  0.00   0.0   0.000   0.038   25.8    34    8.8   25.1   6.68  .9692     0.00   232    1    100.0   10 
 3/09/26  7:20p   23.3   23.5   23.1    75   18.7   1.6    SW   0.27  16.1     W   23.3   24.4   24.4    ---   842.6  0.00   0.0     0     0.00      0     0.0  0.00   0.0   0.000   0.035   25.8    34    8.7   25.1   6.68  .9693     0.00   230    1    100.0   10 
 3/09/26  7:30p   22.8   23.1   22.6    73   17.7   1.6   WSW   0.27  12.9   WNW   22.8   23.5   23.5    ---   842.9  0.00   0.0     0     0.00      0     0.0  0.00   0.0   0.000   0.031   25.8    33    8.3   25.0   6.55  .9700     0.00   230    1    100.0   10 
 3/09/26  7:40p   22.4   22.6   22.3    72   17.1   4.8   WNW   0.80  16.1    NW   22.4   23.0   23.0    ---   842.9  0.00   0.0     0     0.00      0     0.0  0.00   0.0   0.000   0.029   25.7    33    8.2   24.9   6.55  .9706     0.00   233    1    100.0   10 
 3/09/26  7:50p   22.3   22.3   22.3    73   17.2   1.6   WSW   0.27  16.1    SW   22.3   22.8   22.8    ---   843.2  0.00   0.0     0     0.00      0     0.0  0.00   0.0   0.000   0.027   25.7    33    8.2   24.9   6.55  .9708     0.00   227    1     99.6   10 
 3/09/26  8:00p   22.2   22.3   22.1    75   17.6   1.6   WSW   0.27   9.7   WSW   22.2   22.8   22.8    ---   843.6  0.00   0.0     0     0.00      0     0.0  0.00   0.0   0.000   0.027   25.6    34    8.5   24.8   6.69  .9713     0.03   231    1    100.0   10 
 3/09/26  8:10p   22.0   22.1   21.9    74   17.2   1.6   WSW   0.27  16.1   WSW   22.0   22.5   22.5    ---   843.8  0.00   0.0     0     0.00      0     0.0  0.00   0.0   0.000   0.025   25.6    33    8.1   24.8   6.55  .9720     0.00   230    1    100.0   10 
 3/09/26  8:20p   21.8   21.9   21.7    76   17.4   6.4     W   1.07  20.9   WSW   21.8   22.3   22.3    ---   844.1  0.00   0.0     0     0.00      0     0.0  0.00   0.0   0.000   0.024   25.4    34    8.4   24.7   6.69  .9724     0.00   229    1    100.0   10 
 3/09/26  8:30p   21.4   21.7   21.2    81   18.0   3.2   SSW   0.54  14.5    SW   21.4   22.2   22.2    ---   844.4  0.51  14.0     0     0.00      0     0.0  0.00   0.0   0.000   0.022   25.3    36    9.2   24.7   7.00  .9725     0.00   232    1    100.0   10 
 3/09/26  8:40p   20.8   21.2   20.4    85   18.2   1.6     W   0.27  12.9     W   20.8   21.8   21.8    ---   844.9  4.32  47.8     0     0.00      0     0.0  0.00   0.0   0.000   0.017   25.3    35    8.7   24.6   6.90  .9736     0.00   229    1    100.0   10 
 3/09/26  8:50p   20.1   20.4   19.9    88   18.1   0.0     W   0.00   9.7     W   20.1   21.1   21.1    ---   845.1  4.83  47.8     0     0.00      0     0.0  0.00   0.0   0.000   0.012   25.2    35    8.6   24.6   6.90  .9743     0.00   233    1    100.0   10 
 3/09/26  9:00p   19.8   19.9   19.6    89   17.9   1.6     W   0.27   8.0     W   19.8   20.7   20.7    ---   845.2  1.78  26.9     0     0.00      0     0.0  0.00   0.0   0.000   0.010   25.0    36    8.9   24.4   7.01  .9748     0.00   230    1    100.0   10 
 3/09/26  9:10p   19.4   19.6   19.3    90   17.7   0.0   NNW   0.00   3.2     W   19.4   20.2   20.2    ---   845.2  0.51   5.3     0     0.00      0     0.0  0.00   0.0   0.000   0.007   24.9    34    7.9   24.3   6.71  .9760     0.00   229    1    100.0   10 
 3/09/26  9:20p   19.2   19.3   19.0    91   17.7   1.6   NNE   0.27   8.0   NNE   19.2   19.9   19.9    ---   845.1  0.25   3.3     0     0.00      0     0.0  0.00   0.0   0.000   0.006   24.8    34    7.9   24.2   6.72  .9761     0.00   231    1    100.0   10 
 3/09/26  9:30p   18.9   19.0   18.9    91   17.4   3.2    NE   0.54  11.3    NE   18.9   19.7   19.7    ---   844.9  0.25   2.0     0     0.00      0     0.0  0.00   0.0   0.000   0.004   24.9    34    8.0   24.3   6.71  .9754     0.00   227    1     99.6   10 
 3/09/26  9:40p   18.8   18.8   18.7    92   17.5   1.6   NNE   0.27  17.7   NNW   18.8   19.5   19.5    ---   845.0  0.51   3.0     0     0.00      0     0.0  0.00   0.0   0.000   0.003   24.9    33    7.6   24.3   6.55  .9759     0.00   233    1    100.0   10 
 3/09/26  9:50p   18.6   18.7   18.4    92   17.3   3.2   NNW   0.54  17.7     N   18.6   19.3   19.3    ---   844.9  0.25   2.5     0     0.00      0     0.0  0.00   0.0   0.000   0.002   24.9    34    8.0   24.3   6.71  .9754     0.00   232    1    100.0   10 
 3/09/26 10:00p   18.2   18.4   18.1    92   16.9   3.2   NNE   0.54  16.1   NNE   18.2   18.8   18.8    ---   844.8  0.25   2.3     0     0.00      0     0.0  0.00   0.0   0.001   0.000   24.9    34    8.0   24.3   6.71  .9753     0.00   228    1    100.0   10 
 3/09/26 10:10p   18.0   18.1   17.9    92   16.7   1.6    NE   0.27  11.3   NNE   18.0   18.6   18.6    ---   844.9  0.00   1.0     0     0.00      0     0.0  0.00   0.0   0.002   0.000   24.9    34    8.0   24.3   6.71  .9754     0.00   231    1    100.0   10 
 3/09/26 10:20p   17.9   17.9   17.8    92   16.6   1.6   NNE   0.27  11.3   NNE   17.9   18.4   18.4    ---   845.0  0.00   0.0     0     0.00      0     0.0  0.00   0.0   0.003   0.000   24.9    34    8.0   24.3   6.71  .9755     0.00   227    1     99.6   10 
 3/09/26 10:30p   17.7   17.8   17.7    93   16.6   0.0     N   0.00   4.8   NNE   17.7   18.2   18.2    ---   844.9  0.00   0.0     0     0.00      0     0.0  0.00   0.0   0.004   0.000   24.9    34    8.0   24.3   6.71  .9754     0.00   232    1    100.0   10 
 3/09/26 10:40p   17.7   17.7   17.7    93   16.5   1.6   ENE   0.27   9.7   ENE   17.7   18.2   18.2    ---   844.7  0.00   0.0     0     0.00      0     0.0  0.00   0.0   0.005   0.000   24.9    33    7.6   24.3   6.55  .9756     0.00   230    1    100.0   10 
 3/09/26 10:50p   17.6   17.7   17.6    93   16.5   0.0   ENE   0.00   8.0   NNE   17.6   18.1   18.1    ---   844.6  0.00   0.0     0     0.00      0     0.0  0.00   0.0   0.005   0.000   24.9    34    8.0   24.3   6.71  .9751     0.00   233    1    100.0   10 
 3/09/26 11:00p   17.6   17.6   17.6    93   16.5   0.0   ENE   0.00   8.0   ENE   17.6   18.1   18.1    ---   844.6  0.00   0.0     0     0.00      0     0.0  0.00   0.0   0.005   0.000   24.8    33    7.5   24.2   6.55  .9759     0.00   232    1    100.0   10 
 3/09/26 11:10p   17.6   17.6   17.6    93   16.4   0.0   ---   0.00   0.0   ---   17.6   18.1   18.1    ---   844.8  0.00   0.0     0     0.00      0     0.0  0.00   0.0   0.005   0.000   24.9    33    7.5   24.3   6.55  .9759     0.00   226    1     99.1   10 
 3/09/26 11:20p   17.6   17.6   17.6    93   16.5   0.0   ---   0.00   0.0   ---   17.6   18.1   18.1    ---   844.8  0.00   0.0     0     0.00      0     0.0  0.00   0.0   0.005   0.000   24.9    34    8.0   24.3   6.71  .9753     0.00   230    1    100.0   10 
 3/09/26 11:30p   17.6   17.7   17.6    94   16.6   0.0   ---   0.00   0.0   ---   17.6   18.1   18.1    ---   844.7  3.81 770.1     0     0.00      0     0.0  0.00   0.0   0.005   0.000   24.8    33    7.5   24.2   6.55  .9760     0.00   232    1    100.0   10 
 3/09/26 11:40p   17.6   17.6   17.6    94   16.6   0.0   ---   0.00   0.0   ---   17.6   18.1   18.1    ---   844.6  0.00   1.0     0     0.00      0     0.0  0.00   0.0   0.005   0.000   24.8    34    7.9   24.2   6.72  .9755     0.00   229    1    100.0   10 
 3/09/26 11:50p   17.6   17.6   17.5    94   16.6   0.0   ---   0.00   0.0   ---   17.6   18.1   18.1    ---   844.6  0.00   0.0     0     0.00      0     0.0  0.00   0.0   0.005   0.000   24.8    33    7.5   24.2   6.55  .9759     0.00   233    1    100.0   10 
 4/09/26 12:00a   17.4   17.5   17.4    94   16.5   0.0   ---   0.00   0.0   ---   17.4   17.9   17.9    ---   844.6  0.00   0.0     0     0.00      0     0.0  0.00   0.0   0.006   0.000   24.8    33    7.5   24.2   6.55  .9758     0.00   228    1    100.0   10 
 4/09/26 12:10a   17.4   17.4   17.3    94   16.4   0.0   ---   0.00   0.0   ---   17.4   17.8   17.8    ---   844.6  0.00   0.0     0     0.00      0     0.0  0.00   0.0   0.007   0.000   24.8    33    7.5   24.2   6.55  .9759     0.00   229    1    100.0   10 
 4/09/26 12:20a   17.4   17.4   17.3    94   16.4   0.0   ENE   0.00   6.4   ENE   17.4   17.8   17.8    ---   844.5  0.00   0.0     0     0.00      0     0.0  0.00   0.0   0.007   0.000   24.8    33    7.5   24.2   6.55  .9757     0.00   232    1    100.0   10 
 4/09/26 12:30a   17.3   17.4   17.3    94   16.4   0.0   ENE   0.00   6.4   ENE   17.3   17.8   17.8    ---   844.4  0.00   0.0     0     0.00      0     0.0  0.00   0.0   0.007   0.000   24.8    34    7.9   24.2   6.72  .9752     0.00   228    1    100.0   10 
 4/09/26 12:40a   17.3   17.3   17.3    94   16.4   0.0   ---   0.00   0.0   ---   17.3   17.8   17.8    ---   844.3  0.00   0.0     0     0.00      0     0.0  0.00   0.0   0.007   0.000   24.8    34    7.8   24.2   6.72  .9754     0.00   233    1    100.0   10 
 4/09/26 12:50a   17.3   17.3   17.3    94   16.4   0.0   ---   0.00   0.0   ---   17.3   17.8   17.8    ---   844.2  0.00   0.0     0     0.00      0     0.0  0.00   0.0   0.007   0.000   24.7    33    7.4   24.1   6.55  .9758     0.00   229    1    100.0   10 
 4/09/26  1:00a   17.3   17.3   17.3    94   16.4   0.0   ---   0.00   0.0   ---   17.3   17.8   17.8    ---   844.2  0.00   0.0     0     0.00      0     0.0  0.00   0.0   0.007   0.000   24.7    33    7.4   24.1   6.55  .9758     0.00   231    1    100.0   10 
 4/09/26  1:10a   17.3   17.3   17.3    94   16.3   0.0   ---   0.00   0.0   ---   17.3   17.7   17.7    ---   844.0  0.00   0.0     0     0.00      0     0.0  0.00   0.0   0.007   0.000   24.7    33    7.4   24.1   6.55  .9756     0.00   230    1    100.0   10 
 4/09/26  1:20a   17.2   17.3   17.2    94   16.2   0.0   ---   0.00   0.0   ---   17.2   17.7   17.7    ---   844.0  0.00   0.0     0     0.00      0     0.0  0.00   0.0   0.008   0.000   24.7    33    7.4   24.1   6.55  .9756     0.00   225    1     98.7   10 
 4/09/26  1:30a   17.2   17.2   17.1    94   16.2   0.0   ---   0.00   0.0   ---   17.2   17.6   17.6    ---   843.9  0.00   0.0     0     0.00      0     0.0  0.00   0.0   0.008   0.000   24.6    33    7.3   23.9   6.55  .9759     0.00   231    1    100.0   10 
 4/09/26  1:40a   17.1   17.2   17.1    95   16.3   0.0   ---   0.00   0.0   ---   17.1   17.6   17.6    ---   843.9  0.00   0.0     0     0.00      0     0.0  0.00   0.0   0.008   0.000   24.6    33    7.3   23.9   6.55  .9759     0.00   231    1    100.0   10 
 4/09/26  1:50a   17.1   17.2   17.1    95   16.3   0.0   ---   0.00   0.0   ---   17.1   17.6   17.6    ---   843.7  0.00   0.0     0     0.00      0     0.0  0.00   0.0   0.008   0.000   24.6    33    7.2   23.8   6.55  .9759     0.00   231    1    100.0   10 
 4/09/26  2:00a   17.1   17.2   17.1    95   16.3   0.0   ---   0.00   0.0   ---   17.1   17.6   17.6    ---   843.7  0.00   0.0     0     0.00      0     0.0  0.00   0.0   0.008   0.000   24.6    33    7.2   23.8   6.55  .9759     0.00   232    1    100.0   10 
 4/09/26  2:10a   17.3   17.3   17.2    95   16.5   0.0   ---   0.00   0.0   ---   17.3   17.7   17.7    ---   843.8  0.00   0.0     0     0.00      0     0.0  0.00   0.0   0.007   0.000   24.6    33    7.3   23.9   6.55  .9757     0.00   230    1    100.0   10 
 4/09/26  2:20a   17.3   17.4   17.3    95   16.5   0.0   ---   0.00   0.0   ---   17.3   17.8   17.8    ---   843.8  0.00   0.0     0     0.00      0     0.0  0.00   0.0   0.007   0.000   24.6    33    7.3   23.9   6.55  .9757     0.00   230    1    100.0   10 
 4/09/26  2:30a   17.4   17.5   17.4    95   16.6   0.0   ---   0.00   0.0   ---   17.4   17.9   17.9    ---   843.8  0.00   0.0     0     0.00      0     0.0  0.00   0.0   0.006   0.000   24.6    33    7.3   23.9   6.55  .9757     0.00   229    1    100.0   10 
 4/09/26  2:40a   17.6   17.6   17.5    95   16.7   0.0   ---   0.00   0.0   ---   17.6   18.1   18.1    ---   843.7  0.00   0.0     0     0.00      0     0.0  0.00   0.0   0.005   0.000   24.6    34    7.7   23.9   6.72  .9753     0.00   227    1     99.6   10 
 4/09/26  2:50a   17.6   17.7   17.6    95   16.8   0.0   ---   0.00   0.0   ---   17.6   18.1   18.1    ---   843.5  0.00   0.0     0     0.00      0     0.0  0.00   0.0   0.005   0.000   24.6    33    7.2   23.8   6.55  .9756     0.00   232    1    100.0   10 
 4/09/26  3:00a   17.7   17.7   17.7    95   16.9   0.0   ---   0.00   0.0   ---   17.7   18.2   18.2    ---   843.5  0.00   0.0     0     0.00      0     0.0  0.00   0.0   0.005   0.000   24.6    33    7.2   23.8   6.55  .9756     0.00   229    1    100.0   10 
 4/09/26  3:10a   17.7   17.7   17.6    95   16.9   0.0   ---   0.00   0.0   ---   17.7   18.2   18.2    ---   843.3  0.00   0.0     0     0.00      0     0.0  0.00   0.0   0.005   0.000   24.6    33    7.2   23.8   6.55  .9754     0.00   230    1    100.0   10 
 4/09/26  3:20a   17.6   17.6   17.6    95   16.8   0.0   ---   0.00   0.0   ---   17.6   18.1   18.1    ---   843.3  0.00   0.0     0     0.00      0     0.0  0.00   0.0   0.005   0.000   24.6    33    7.2   23.8   6.55  .9754     0.00   232    1    100.0   10 
 4/09/26  3:30a   17.6   17.6   17.5    95   16.7   0.0   ---   0.00   0.0   ---   17.6   18.1   18.1    ---   843.5  0.00   0.0     0     0.00      0     0.0  0.00   0.0   0.005   0.000   24.5    33    7.2   23.8   6.55  .9758     0.00   227    1     99.6   10 
 4/09/26  3:40a   17.5   17.5   17.4    95   16.7   0.0   ---   0.00   0.0   ---   17.5   18.0   18.0    ---   843.6  0.00   0.0     0     0.00      0     0.0  0.00   0.0   0.006   0.000   24.4    33    7.1   23.7   6.55  .9762     0.00   230    1    100.0   10 
 4/09/26  3:50a   17.5   17.5   17.4    95   16.7   0.0   ---   0.00   0.0   ---   17.5   18.0   18.0    ---   843.3  0.00   0.0     0     0.00      0     0.0  0.00   0.0   0.006   0.000   24.4    33    7.1   23.7   6.55  .9759     0.00   231    1    100.0   10 
 4/09/26  4:00a   17.5   17.5   17.4    95   16.7   0.0   ---   0.00   0.0   ---   17.5   18.0   18.0    ---   843.3  0.00   0.0     0     0.00      0     0.0  0.00   0.0   0.006   0.000   24.4    33    7.1   23.7   6.55  .9759     0.00   230    1    100.0   10 
 4/09/26  4:10a   17.5   17.5   17.4    95   16.7   0.0   ---   0.00   0.0   ---   17.5   18.0   18.0    ---   843.3  0.00   0.0     0     0.00      0     0.0  0.00   0.0   0.006   0.000   24.4    33    7.1   23.7   6.55  .9759     0.00   230    1    100.0   10 
 4/09/26  4:20a   17.4   17.4   17.4    95   16.6   0.0   ---   0.00   0.0   ---   17.4   17.9   17.9    ---   843.3  0.00   0.0     0     0.00      0     0.0  0.00   0.0   0.006   0.000   24.4    33    7.1   23.7   6.55  .9761     0.00   229    1    100.0   10 
 4/09/26  4:30a   17.4   17.4   17.4    95   16.6   0.0   ---   0.00   0.0   ---   17.4   17.9   17.9    ---   843.3  0.00   0.0     0     0.00      0     0.0  0.00   0.0   0.006   0.000   24.4    34    7.5   23.7   6.73  .9758     0.00   232    1    100.0   10 
 4/09/26  4:40a   17.4   17.6   17.4    95   16.6   0.0   ---   0.00   0.0   ---   17.4   17.9   17.9    ---   843.3  0.00   0.0     0     0.00      0     0.0  0.00   0.0   0.006   0.000   24.4    34    7.6   23.7   6.73  .9756     0.00   230    1    100.0   10 
 4/09/26  4:50a   17.6   17.6   17.5    95   16.7   0.0   ---   0.00   0.0   ---   17.6   18.1   18.1    ---   843.4  0.00   0.0     0     0.00      0     0.0  0.00   0.0   0.005   0.000   24.4    35    7.9   23.7   6.93  .9755     0.00   230    1    100.0   10 
 4/09/26  5:00a   17.6   17.6   17.6    95   16.7   0.0   ---   0.00   0.0   ---   17.6   18.1   18.1    ---   843.5  0.00   0.0     0     0.00      0     0.0  0.00   0.0   0.005   0.000   24.3    35    7.8   23.6   6.94  .9760     0.00   232    1    100.0   10 
 4/09/26  5:10a   17.6   17.6   17.6    95   16.8   0.0   ---   0.00   0.0   ---   17.6   18.1   18.1    ---   843.5  0.00   0.0     0     0.00      0     0.0  0.00   0.0   0.005   0.000   24.2    35    7.8   23.6   6.94  .9763     0.00   227    1     99.6   10 
 4/09/26  5:20a   17.7   17.7   17.6    95   16.9   0.0   ---   0.00   0.0   ---   17.7   18.2   18.2    ---   843.5  0.00   0.0     0     0.00      0     0.0  0.00   0.0   0.005   0.000   24.2    34    7.4   23.5   6.74  .9766     0.00   231    1    100.0   10 
 4/09/26  5:30a   17.7   17.7   17.7    95   16.9   0.0   ---   0.00   0.0   ---   17.7   18.3   18.3    ---   843.6  0.00   0.0     0     0.00      0     0.0  0.00   0.0   0.004   0.000   24.2    33    6.9   23.4   6.55  .9771     0.00   233    1    100.0   10 
 4/09/26  5:40a   17.7   17.8   17.7    95   16.9   0.0   ---   0.00   0.0   ---   17.7   18.3   18.3    ---   843.7  0.00   0.0     0     0.00      0     0.0  0.00   0.0   0.004   0.000   24.2    34    7.4   23.5   6.74  .9769     0.00   227    1     99.6   10 
 4/09/26  5:50a   17.7   17.7   17.7    95   16.9   0.0   ---   0.00   0.0   ---   17.7   18.3   18.3    ---   843.9  0.00   0.0     0     0.00      0     0.0  0.00   0.0   0.004   0.000   24.2    34    7.4   23.5   6.74  .9771     0.00   232    1    100.0   10 
 4/09/26  6:00a   17.7   17.7   17.7    95   16.9   0.0   ---   0.00   0.0   ---   17.7   18.2   18.2    ---   843.9  0.00   0.0     0     0.00      0     0.0  0.00   0.0   0.005   0.000   24.2    33    6.9   23.4   6.55  .9774     0.00   230    1    100.0   10 
 4/09/26  6:10a   17.7   17.7   17.7    95   16.9   0.0   ---   0.00   0.0   ---   17.7   18.2   18.2    ---   843.9  0.00   0.0     0     0.00      0     0.0  0.00   0.0   0.005   0.000   24.3    33    7.0   23.6   6.55  .9770     0.00   230    1    100.0   10 
 4/09/26  6:20a   17.7   17.7   17.7    95   16.9   0.0   ---   0.00   0.0   ---   17.7   18.3   18.3    ---   843.9  0.00   0.0     0     0.00      0     0.0  0.00   0.0   0.004   0.000   24.5    33    7.2   23.8   6.55  .9764     0.00   229    1    100.0   10 
 4/09/26  6:30a   17.7   17.7   17.7    95   16.9   0.0   ---   0.00   0.0   ---   17.7   18.3   18.3    ---   844.0  0.00   0.0     0     0.00      0     0.0  0.00   0.0   0.004   0.000   24.6    33    7.2   23.8   6.55  .9762     0.00   230    1    100.0   10 
 4/09/26  6:40a   17.7   17.8   17.7    95   16.9   0.0   ---   0.00   0.0   ---   17.7   18.3   18.3    ---   844.0  0.00   0.0     0     0.00      0     0.0  0.00   0.0   0.004   0.000   24.6    33    7.3   23.9   6.55  .9760     0.00   231    1    100.0   10 
 4/09/26  6:50a   17.7   17.8   17.7    95   16.9   0.0   ---   0.00   0.0   ---   17.7   18.3   18.3    ---   844.0  0.00   0.0     1     0.01      5     0.0  0.00   0.0   0.004   0.000   24.7    34    7.7   24.0   6.72  .9754     0.00   228    1    100.0   10 
 4/09/26  7:00a   17.7   17.7   17.7    96   17.0   0.0   ---   0.00   0.0   ---   17.7   18.2   18.2    ---   843.9  0.00   0.0     8     0.11     11     0.0  0.00   0.0   0.005   0.000   24.7    36    8.6   24.1   7.02  .9744     0.00   230    1    100.0   10 
 4/09/26  7:10a   17.7   17.7   17.7    96   17.0   0.0   ---   0.00   0.0   ---   17.7   18.2   18.2    ---   844.2  0.00   0.0    13     0.19     14     0.0  0.00   0.0   0.005   0.000   24.7    35    8.2   24.1   6.92  .9750     0.00   230    1    100.0   10 
 4/09/26  7:20a   17.8   17.8   17.7    96   17.1   0.0   ESE   0.00   3.2     E   17.8   18.3   18.3    ---   844.2  0.00   0.0    20     0.29     26     0.0  0.00   0.0   0.004   0.000   24.7    35    8.2   24.1   6.92  .9751     0.00   226    1     99.1   10 
 4/09/26  7:30a   17.8   17.8   17.8    96   17.1   0.0   ---   0.00   0.0   ---   17.8   18.3   18.3    ---   844.2  0.00   0.0    35     0.50     46     0.0  0.00   0.0   0.004   0.000   24.8    35    8.3   24.2   6.92  .9749     0.00   232    1    100.0   10 
 4/09/26  7:40a   17.8   17.8   17.8    96   17.2   0.0   ---   0.00   0.0   ---   17.8   18.4   18.4    ---   844.3  0.00   0.0    56     0.80     60     1.3  0.09   2.8   0.003   0.000   24.8    35    8.3   24.2   6.92  .9748     0.00   229    1    100.0   10 
 4/09/26  7:50a   17.8   17.9   17.8    96   17.2   0.0   ---   0.00   0.0   ---   17.8   18.4   18.4    ---   844.4  0.00   0.0    65     0.93     67     2.5  0.18   3.0   0.003   0.000   25.0    36    8.9   24.4   7.01  .9738     0.00   229    1    100.0   10 
 4/09/26  8:00a   17.9   18.0   17.9    96   17.3   0.0   ---   0.00   0.0   ---   17.9   18.6   18.6    ---   844.4  0.00   0.0    82     1.18     95     2.6  0.19   3.1   0.003   0.000   25.1    34    8.1   24.4   6.71  .9743     0.03   232    1    100.0   10 
 4/09/26  8:10a   17.9   18.0   17.9    96   17.3   0.0   ---   0.00   0.0   ---   17.9   18.6   18.6    ---   844.4  0.00   0.0   119     1.71    137     2.8  0.20   3.3   0.003   0.000   25.2    35    8.6   24.6   6.90  .9735     0.00   224    1     98.2   10 
 4/09/26  8:20a   18.1   18.2   18.1    96   17.5   0.0   SSE   0.00   1.6   SSE   18.1   18.7   18.7    ---   844.5  0.00   0.0   147     2.11    207     2.9  0.21   3.3   0.002   0.000   25.3    34    8.3   24.7   6.70  .9733     0.00   231    1    100.0   10 
 4/09/26  8:30a   18.2   18.3   18.2    96   17.6   0.0   ---   0.00   0.0   ---   18.2   18.9   18.9    ---   844.5  0.00   0.0   202     2.90    285     2.8  0.20   3.5   0.001   0.000   25.6    33    8.1   24.8   6.55  .9728     0.00   230    1    100.0   10 
 4/09/26  8:40a   18.4   18.4   18.3    96   17.7   0.0   SSE   0.00   1.6   SSE   18.4   19.1   19.1    ---   844.7  0.00   0.0   133     1.91    144     2.9  0.21   3.3   0.000   0.000   25.8    34    8.8   25.1   6.68  .9715     0.00   229    1    100.0   10 
 4/09/26  8:50a   18.4   18.5   18.4    95   17.6   0.0   SSE   0.00   3.2   SSE   18.4   19.1   19.1    ---   844.7  0.00   0.0   170     2.44    230     2.9  0.21   3.2   0.000   0.001   25.9    33    8.4   25.1   6.55  .9717     0.00   231    1    100.0   10 
 4/09/26  9:00a   18.3   18.4   18.2    95   17.5   1.6   SSE   0.27   4.8   SSE   18.3   18.9   18.9    ---   844.8  0.00   0.0   184     2.64    260     3.0  0.21   3.4   0.000   0.000   26.0    34    8.9   25.3   6.67  .9710     0.10   229    1    100.0   10 
 4/09/26  9:10a   18.3   18.4   18.3    96   17.7   0.0     S   0.00   4.8     S   18.3   19.0   19.0    ---   844.8  0.00   0.0   190     2.72    229     2.9  0.21   3.3   0.000   0.000   26.0    32    8.0   25.2   6.37  .9718     0.00   228    1    100.0   10 
 4/09/26  9:20a   18.5   18.6   18.4    95   17.7   0.0   SSE   0.00   1.6     S   18.5   19.2   19.2    ---   844.9  0.00   0.0   194     2.78    227     2.9  0.21   3.1   0.000   0.001   25.9    34    8.9   25.2   6.68  .9713     0.00   227    1     99.6   10 
 4/09/26  9:30a   18.5   18.6   18.4    95   17.7   0.0   SSE   0.00   3.2   SSE   18.5   19.2   19.2    ---   844.9  0.00   0.0   232     3.33    253     3.1  0.22   3.4   0.000   0.001   25.9    33    8.4   25.1   6.55  .9720     0.00   230    1    100.0   10 
 4/09/26  9:40a   18.6   18.7   18.5    95   17.7   0.0     S   0.00   3.2   SSE   18.6   19.3   19.3    ---   844.9  0.00   0.0   268     3.84    380     3.2  0.23   3.5   0.000   0.002   26.1    32    8.1   25.2   6.37  .9717     0.00   233    1    100.0   10 
 4/09/26  9:50a   18.7   18.7   18.6    94   17.7   0.0   SSE   0.00   1.6     S   18.7   19.4   19.4    ---   844.9  0.00   0.0   220     3.15    318     3.1  0.22   4.4   0.000   0.002   26.1    32    8.1   25.2   6.37  .9715     0.00   226    1     99.1   10 
 4/09/26 10:00a   19.0   19.3   18.7    94   18.0   0.0     S   0.00   6.4     S   19.0   19.8   19.8    ---   845.0  0.00   0.0   279     4.00    376     3.5  0.25   4.3   0.000   0.005   26.3    33    8.7   25.4   6.55  .9706     0.15   232    1    100.0   10 
 4/09/26 10:10a   19.5   19.8   19.3    91   18.0   0.0   SSE   0.00   4.8     S   19.5   20.3   20.3    ---   845.0  0.00   0.0   532     7.63    870     4.5  0.32   5.7   0.000   0.008   26.4    34    9.3   25.6   6.66  .9694     0.00   228    1    100.0   10 
 4/09/26 10:20a   20.2   20.6   19.8    87   18.0   0.0    SW   0.00   6.4   SSE   20.2   21.2   21.2    ---   845.0  0.00   0.0   351     5.03    828     4.1  0.29   5.6   0.000   0.013   26.8    35   10.0   25.9   6.84  .9677     0.00   232    1    100.0   10 
 4/09/26 10:30a   20.9   21.4   20.6    84   18.1   0.0   SSW   0.00   4.8   SSW   20.9   21.8   21.8    ---   844.9  0.00   0.0   300     4.30    387     4.3  0.31   5.7   0.000   0.018   26.9    35   10.1   26.1   6.83  .9672     0.00   230    1    100.0   10 
 4/09/26 10:40a   21.7   22.0   21.4    82   18.5   0.0     S   0.00   6.4   SSW   21.7   22.6   22.6    ---   844.8  0.00   0.0   433     6.21    854     4.7  0.34   6.1   0.000   0.024   26.9    33    9.3   25.9   6.53  .9679     0.00   231    1    100.0   10 
 4/09/26 10:50a   22.2   22.3   22.0    79   18.4   0.0     S   0.00   4.8     S   22.2   22.9   22.9    ---   844.9  0.00   0.0   258     3.70    343     4.0  0.29   4.9   0.000   0.027   26.8    33    9.2   25.9   6.54  .9682     0.00   232    1    100.0   10 
 4/09/26 11:00a   22.4   22.6   22.3    80   18.8   0.0   SSE   0.00   4.8   SSE   22.4   23.2   23.2    ---   844.9  0.00   0.0   434     6.22    923     5.2  0.37   7.0   0.000   0.028   26.7    33    9.1   25.8   6.55  .9687     0.28   227    1     99.6   10 
 4/09/26 11:10a   22.9   23.1   22.6    76   18.4   1.6     S   0.27   8.0   SSE   22.9   23.8   23.8    ---   844.9  0.00   0.0   459     6.58    969     4.9  0.35   7.2   0.000   0.032   27.0    33    9.4   26.1   6.53  .9675     0.00   230    1    100.0   10 
 4/09/26 11:20a   23.4   23.7   23.1    75   18.7   0.0   ESE   0.00   6.4   ESE   23.4   24.4   24.4    ---   844.7  0.00   0.0   966    13.85    983     6.9  0.49   7.6   0.000   0.035   27.1    32    8.9   26.1   6.34  .9675     0.00   230    1    100.0   10 
 4/09/26 11:30a   24.3   24.7   23.8    70   18.5   1.6     S   0.27   9.7   SSW   24.3   25.3   25.3    ---   844.7  0.00   0.0   941    13.49    956     7.3  0.52   7.6   0.000   0.041   27.3    32    9.1   26.3   6.33  .9665     0.00   231    1    100.0   10 
 4/09/26 11:40a   24.8   25.2   24.7    69   18.8   0.0    SW   0.00   9.7   SSW   24.8   25.8   25.8    ---   844.5  0.00   0.0   933    13.37    949     7.3  0.52   7.6   0.000   0.045   27.4    33    9.7   26.6   6.49  .9653     0.00   232    1    100.0   10 
 4/09/26 11:50a   25.5   25.7   25.2    66   18.7   1.6   SSE   0.27   8.0   SSE   25.5   26.3   26.3    ---   844.5  0.00   0.0   941    13.49    970     7.3  0.52   7.7   0.000   0.050   27.6    33    9.8   26.7   6.49  .9648     0.00   230    1    100.0   10 
 4/09/26 12:00p   25.8   26.1   25.7    67   19.2   0.0   SSE   0.00  11.3   SSE   25.8   26.8   26.8    ---   844.4  0.00   0.0   959    13.75    976     7.6  0.54   7.9   0.000   0.052   27.7    34   10.4   26.8   6.58  .9638     0.53   233    1    100.0   10 
 4/09/26 12:10p   26.0   26.1   25.8    65   18.9   0.0     S   0.00   8.0     S   26.0   26.9   26.9    ---   844.3  0.00   0.0   954    13.68    983     7.5  0.54   7.8   0.000   0.053   27.8    34   10.5   27.0   6.57  .9632     0.00   228    1    100.0   10 
 4/09/26 12:20p   25.7   25.9   25.4    65   18.6   0.0    NW   0.00   6.4   WNW   25.7   26.6   26.6    ---   844.1  0.00   0.0   503     7.21    976     5.8  0.41   7.8   0.000   0.051   27.8    35   10.9   27.1   6.77  .9626     0.00   230    1    100.0   10 
 4/09/26 12:30p   25.4   25.4   25.4    66   18.6   1.6   WSW   0.27  11.3   WSW   25.4   26.2   26.2    ---   844.0  0.00   0.0   841    12.06   1037     6.7  0.48   8.1   0.000   0.049   27.8    36   11.3   27.1   6.87  .9620     0.00   231    1    100.0   10 
 4/09/26 12:40p   25.4   25.4   25.4    66   18.6   1.6    SW   0.27   9.7   WSW   25.4   26.3   26.3    ---   843.9  0.00   0.0   648     9.29    977     6.0  0.43   7.8   0.000   0.049   27.7    37   11.7   27.1   7.11  .9617     0.00   230    1    100.0   10 
 4/09/26 12:50p   25.6   25.7   25.4    64   18.3   1.6     W   0.27   9.7   WSW   25.6   26.3   26.3    ---   843.8  0.00   0.0   949    13.60    963     7.6  0.54   7.9   0.000   0.051   27.7    37   11.7   27.1   7.11  .9616     0.00   233    1    100.0   10 
 4/09/26  1:00p   25.9   26.2   25.7    63   18.3   3.2   WSW   0.54  12.9   WSW   25.9   26.7   26.7    ---   843.6  0.00   0.0   956    13.70    965     7.7  0.55   8.1   0.000   0.052   27.8    37   11.8   27.3   7.11  .9608     0.53   230    1    100.0   10 
 4/09/26  1:10p   26.2   26.2   26.2    60   17.8   1.6    NW   0.27   9.7   WNW   26.2   26.8   26.8    ---   843.4  0.00   0.0   956    13.70    967     7.8  0.56   8.1   0.000   0.054   27.8    36   11.3   27.1   6.87  .9614     0.00   233    1    100.0   10 
 4/09/26  1:20p   26.5   26.7   26.2    60   18.1   1.6     W   0.27   8.0   WSW   26.5   27.2   27.2    ---   843.3  0.00   0.0   959    13.75    969     7.7  0.55   8.2   0.000   0.057   27.7    36   11.3   27.1   6.87  .9614     0.00   227    1     99.6   10 
 4/09/26  1:30p   26.8   27.1   26.7    60   18.4   1.6     W   0.27  11.3     W   26.8   27.6   27.6    ---   843.2  0.00   0.0   821    11.77    970     7.7  0.55   8.0   0.000   0.059   27.7    36   11.3   27.1   6.87  .9613     0.00   231    1    100.0   10 
 4/09/26  1:40p   27.3   27.6   27.1    58   18.3   1.6    NW   0.27   9.7    NW   27.3   28.1   28.1    ---   843.1  0.00   0.0   203     2.91    411     6.5  0.46   7.4   0.000   0.062   27.8    35   11.0   27.1   6.77  .9612     0.00   232    1    100.0   10 
 4/09/26  1:50p   27.8   27.9   27.6    54   17.6   1.6     W   0.27   9.7     W   27.8   28.4   28.4    ---   842.9  0.00   0.0   140     2.01    146     7.0  0.50   7.3   0.000   0.066   27.8    35   11.0   27.1   6.77  .9610     0.00   228    1    100.0   10 
 4/09/26  2:00p   28.0   28.1   27.9    54   17.8   0.0   NNW   0.00   4.8     W   28.0   28.8   28.8    ---   842.7  0.00   0.0   162     2.32    199     4.8  0.34   7.0   0.000   0.067   27.8    35   11.0   27.1   6.77  .9608     0.38   230    1    100.0   10 
 4/09/26  2:10p   28.0   28.1   28.0    53   17.5   1.6   NNW   0.27   9.7   NNW   28.0   28.7   28.7    ---   842.5  0.00   0.0   320     4.59    559     6.4  0.46   6.7   0.000   0.067   27.7    35   10.9   27.0   6.77  .9610     0.00   231    1    100.0   10 
 4/09/26  2:20p   28.3   28.6   28.1    51   17.2   0.0     W   0.00   3.2     W   28.3   29.1   29.1    ---   842.3  0.00   0.0   794    11.38    874     6.4  0.46   6.7   0.000   0.069   27.8    35   11.0   27.1   6.77  .9603     0.00   228    1    100.0   10 
 4/09/26  2:30p   28.7   28.8   28.4    51   17.5   1.6    SW   0.27   8.0    SW   28.7   29.6   29.6    ---   842.2  0.00   0.0   667     9.56    868     4.9  0.35   6.5   0.000   0.072   27.8    34   10.5   27.1   6.57  .9606     0.00   232    1    100.0   10 
 4/09/26  2:40p   28.3   28.4   28.2    51   17.2   1.6   WSW   0.27   9.7   WSW   28.3   29.0   29.0    ---   842.1  0.00   0.0   506     7.25    837     4.6  0.33   6.0   0.000   0.069   27.7    34   10.4   26.9   6.57  .9609     0.00   228    1    100.0   10 
 4/09/26  2:50p   28.2   28.4   28.2    49   16.5   0.0     W   0.00   3.2     W   28.2   28.7   28.7    ---   841.9  0.00   0.0   787    11.28    803     5.1  0.36   5.6   0.000   0.069   27.7    33   10.0   26.8   6.47  .9611     0.00   233    1    100.0   10 
 4/09/26  3:00p   28.8   29.2   28.4    49   17.0   0.0     W   0.00   6.4     W   28.8   29.6   29.6    ---   841.8  0.00   0.0   765    10.97    782     4.9  0.35   5.3   0.000   0.073   27.7    32    9.5   26.7   6.31  .9616     0.43   231    1    100.0   10 
 4/09/26  3:10p   29.5   29.8   29.2    47   17.0   0.0     W   0.00   3.2     W   29.5   30.2   30.2    ---   841.6  0.00   0.0   754    10.81    770     3.5  0.25   5.0   0.000   0.078   27.6    31    8.9   26.6   6.15  .9623     0.00   229    1    100.0   10 
 4/09/26  3:20p   30.0   30.2   29.8    48   17.8   0.0     W   0.00   8.0     W   30.0   31.0   31.0    ---   841.5  0.00   0.0   736    10.55    756     2.9  0.21   3.4   0.000   0.081   27.5    31    8.9   26.5   6.15  .9624     0.00   232    1    100.0   10 
 4/09/26  3:30p   30.3   30.4   30.2    46   17.4   0.0   WSW   0.00   4.8   WSW   30.3   31.3   31.3    ---   841.4  0.00   0.0   731    10.48    740     2.9  0.21   3.2   0.000   0.083   27.4    31    8.8   26.4   6.15  .9625     0.00   228    1    100.0   10 
 4/09/26  3:40p   30.2   30.3   29.9    47   17.7   1.6   SSW   0.27   8.0    SW   30.2   31.2   31.2    ---   841.2  0.00   0.0   640     9.17    714     2.7  0.19   3.1   0.000   0.083   27.4    32    9.2   26.4   6.32  .9621     0.00   232    1    100.0   10 
 4/09/26  3:50p   29.7   29.9   29.7    47   17.2   0.0   SSW   0.00   6.4   SSW   29.7   30.5   30.5    ---   841.1  0.00   0.0   224     3.21    415     2.5  0.18   3.0   0.000   0.079   27.4    32    9.2   26.4   6.32  .9619     0.00   232    1    100.0   10 
 4/09/26  4:00p   30.1   30.3   29.8    46   17.2   1.6     S   0.27   6.4     S   30.1   30.9   30.9    ---   841.0  0.00   0.0   147     2.11    163     2.8  0.20   3.4   0.000   0.082   27.3    31    8.7   26.3   6.15  .9624     0.38   229    1    100.0   10 
 4/09/26  4:10p   30.2   30.3   30.1    47   17.7   0.0   WSW   0.00   8.0   SSW   30.2   31.2   31.2    ---   840.9  0.00   0.0   151     2.16    155     2.9  0.21   3.2   0.000   0.083   27.2    32    9.1   26.2   6.33  .9624     0.00   229    1    100.0   10 
 4/09/26  4:20p   30.2   30.4   30.1    46   17.3   1.6   WSW   0.27   6.4    SW   30.2   31.1   31.1    ---   840.9  0.00   0.0   155     2.22    186     2.2  0.16   2.8   0.000   0.083   27.2    31    8.6   26.1   6.15  .9631     0.00   229    1    100.0   10 
 4/09/26  4:30p   30.6   30.6   30.4    47   18.0   1.6    SW   0.27   6.4    SW   30.6   31.8   31.8    ---   840.9  0.00   0.0   165     2.37    253     1.8  0.13   2.2   0.000   0.085   27.1    31    8.5   26.0   6.15  .9635     0.00   232    1    100.0   10 
 4/09/26  4:40p   30.4   30.5   30.2    48   18.1   0.0   WSW   0.00   1.6   WSW   30.4   31.7   31.7    ---   841.0  0.00   0.0   112     1.61    169     1.7  0.12   2.2   0.000   0.084   26.9    31    8.3   25.8   6.15  .9643     0.00   233    1    100.0   10 
 4/09/26  4:50p   30.0   30.2   29.7    51   18.8   0.0   WSW   0.00   3.2   WSW   30.0   31.4   31.4    ---   841.0  0.00   0.0    83     1.19    139     1.7  0.12   2.1   0.000   0.081   26.8    31    8.2   25.7   6.15  .9647     0.00   228    1    100.0   10 
 4/09/26  5:00p   29.3   29.7   29.0    53   18.8   0.0     W   0.00   8.0     W   29.3   30.7   30.7    ---   840.9  0.00   0.0   139     1.99    360     1.8  0.13   2.0   0.000   0.076   26.7    31    8.2   25.7   6.15  .9648     0.13   229    1    100.0   10 
 4/09/26  5:10p   28.9   29.0   28.8    53   18.3   0.0     W   0.00   3.2     W   28.9   30.2   30.2    ---   840.9  0.00   0.0   331     4.74    353     1.6  0.11   2.1   0.000   0.073   26.7    30    7.7   25.6   6.05  .9654     0.00   229    1    100.0   10 
 4/09/26  5:20p   29.0   29.1   28.9    53   18.5   0.0     W   0.00   3.2     W   29.0   30.3   30.3    ---   840.9  0.00   0.0    45     0.65     51     0.1  0.01   1.3   0.000   0.074   26.6    31    8.1   25.6   6.15  .9652     0.00   231    1    100.0   10 
 4/09/26  5:30p   28.6   28.9   28.3    55   18.7   0.0     W   0.00   8.0     W   28.6   29.9   29.9    ---   840.8  0.00   0.0    31     0.44     37     0.0  0.00   0.0   0.000   0.071   26.6    31    8.0   25.5   6.15  .9653     0.00   230    1    100.0   10 
 4/09/26  5:40p   27.9   28.3   27.7    56   18.4   0.0   WSW   0.00  12.9   WSW   27.9   28.9   28.9    ---   840.8  0.00   0.0    25     0.36     26     0.0  0.00   0.0   0.000   0.067   26.5    32    8.5   25.6   6.36  .9651     0.00   227    1     99.6   10 
 4/09/26  5:50p   27.4   27.7   27.3    59   18.7   1.6   WSW   0.27  11.3   WSW   27.4   28.4   28.4    ---   840.7  0.00   0.0    38     0.54     51     0.0  0.00   0.0   0.000   0.063   26.5    32    8.5   25.6   6.36  .9650     0.00   230    1    100.0   10 
 4/09/26  6:00p   27.2   27.3   27.1    61   19.0   1.6   WSW   0.27   9.7   WSW   27.2   28.3   28.3    ---   840.8  0.00   0.0    53     0.76     54     0.0  0.00   0.0   0.000   0.062   26.4    32    8.4   25.5   6.36  .9654     0.08   228    1    100.0   10 
 4/09/26  6:10p   27.0   27.1   26.8    62   19.1   6.4   WSW   1.07  12.9   WSW   27.0   28.0   28.0    ---   840.8  0.00   0.0    46     0.66     53     0.0  0.00   0.0   0.000   0.060   26.4    32    8.4   25.4   6.36  .9656     0.00   234    1    100.0   10 
 4/09/26  6:20p   26.7   26.9   26.6    62   18.8   4.8   WSW   0.80  14.5   WSW   26.7   27.6   27.6    ---   841.0  0.00   0.0    52     0.75     53     0.0  0.00   0.0   0.000   0.058   26.4    32    8.4   25.5   6.36  .9656     0.00   229    1    100.0   10 
 4/09/26  6:30p   26.4   26.6   26.3    62   18.6   6.4   WSW   1.07  14.5   WSW   26.4   27.3   27.3    ---   841.3  0.00   0.0    38     0.54     49     0.0  0.00   0.0   0.000   0.056   26.4    32    8.4   25.4   6.36  .9661     0.00   230    1    100.0   10 
 4/09/26  6:40p   26.2   26.3   26.2    63   18.6   4.8   WSW   0.80  14.5   WSW   26.2   27.1   27.1    ---   841.5  0.00   0.0    21     0.30     30     0.0  0.00   0.0   0.000   0.055   26.4    31    7.9   25.4   6.16  .9668     0.00   232    1    100.0   10 
 4/09/26  6:50p   26.0   26.1   25.8    64   18.7   8.0   WSW   1.34  16.1   WSW   26.0   26.8   26.8    ---   841.7  0.00   0.0    12     0.17     12     0.0  0.00   0.0   0.000   0.053   26.3    32    8.3   25.4   6.36  .9670     0.00   228    1    100.0   10 
 4/09/26  7:00p   25.8   25.8   25.7    65   18.7   6.4   WSW   1.07  12.9   WSW   25.8   26.6   26.6    ---   841.8  0.00   0.0     6     0.09     11     0.0  0.00   0.0   0.000   0.052   26.2    31    7.7   25.3   6.17  .9678     0.05   231    1    100.0   10 
 4/09/26  7:10p   25.6   25.7   25.5    66   18.7   3.2    SW   0.54  16.1    SW   25.6   26.4   26.4    ---   841.9  0.00   0.0     0     0.00      0     0.0  0.00   0.0   0.000   0.050   26.2    32    8.2   25.3   6.37  .9677     0.00   228    1    100.0   10 
 4/09/26  7:20p   25.4   25.5   25.3    67   18.8   1.6   WSW   0.27  11.3    SW   25.4   26.3   26.3    ---   841.8  0.00   0.0     0     0.00      0     0.0  0.00   0.0   0.000   0.049   26.1    31    7.7   25.2   6.17  .9682     0.00   231    1    100.0   10 
 4/09/26  7:30p   25.1   25.3   25.0    67   18.6   3.2    SW   0.54  11.3   WSW   25.1   26.0   26.0    ---   842.0  0.00   0.0     0     0.00      0     0.0  0.00   0.0   0.000   0.047   26.1    31    7.7   25.2   6.17  .9684     0.00   230    1    100.0   10 
 4/09/26  7:40p   24.9   25.0   24.8    64   17.6   3.2    SW   0.54  14.5   WSW   24.9   25.6   25.6    ---   842.2  0.00   0.0     0     0.00      0     0.0  0.00   0.0   0.000   0.046   26.1    31    7.6   25.1   6.17  .9689     0.00   228    1    100.0   10 
 4/09/26  7:50p   24.8   24.8   24.8    62   17.0   3.2   WSW   0.54  12.9    SW   24.8   25.3   25.3    ---   842.4  0.00   0.0     0     0.00      0     0.0  0.00   0.0   0.000   0.045   26.0    31    7.6   25.1   6.17  .9693     0.00   233    1    100.0   10 
 4/09/26  8:00p   24.8   24.9   24.8    62   17.1   4.8    SW   0.80  17.7     W   24.8   25.4   25.4    ---   842.3  0.00   0.0     0     0.00      0     0.0  0.00   0.0   0.000   0.045   25.9    31    7.5   25.0   6.18  .9697     0.03   228    1    100.0   10 
 4/09/26  8:10p   24.9   24.9   24.8    63   17.4   1.6   SSW   0.27  16.1   SSW   24.9   25.5   25.5    ---   842.6  0.00   0.0     0     0.00      0     0.0  0.00   0.0   0.000   0.046   25.9    31    7.5   25.0   6.18  .9701     0.00   230    1    100.0   10 
 4/09/26  8:20p   24.7   24.8   24.6    71   19.1   1.6   WNW   0.27   9.7    SW   24.7   25.8   25.8    ---   842.8  0.76  22.9     0     0.00      0     0.0  0.00   0.0   0.000   0.044   25.9    32    7.9   25.1   6.38  .9699     0.00   230    1    100.0   10 
 4/09/26  8:30p   24.0   24.6   23.3    77   19.7   1.6    SW   0.27   8.0   WNW   24.0   25.3   25.3    ---   843.1  1.27  23.1     0     0.00      0     0.0  0.00   0.0   0.000   0.039   25.9    34    8.8   25.2   6.68  .9695     0.00   232    1    100.0   10 
 4/09/26  8:40p   22.4   23.3   21.5    84   19.6   4.8   SSW   0.80  16.1     S   22.4   23.4   23.4    ---   843.0  3.81  40.1     0     0.00      0     0.0  0.00   0.0   0.000   0.028   25.8    35    9.2   25.1   6.88  .9694     0.00   232    1    100.0   10 
 4/09/26  8:50p   21.1   21.5   20.8    87   18.9   0.0   WNW   0.00   3.2   WNW   21.1   22.1   22.1    ---   842.8  0.51  22.4     0     0.00      0     0.0  0.00   0.0   0.000   0.019   25.6    36    9.4   24.9   6.99  .9697     0.00   227    1     99.6   10 
 4/09/26  9:00p   20.6   20.8   20.4    88   18.5   1.6     W   0.27  12.9     W   20.6   21.6   21.6    ---   842.7  0.00   1.0     0     0.00      0     0.0  0.00   0.0   0.000   0.015   25.4    35    8.9   24.8   6.89  .9704     0.00   231    1    100.0   10 
 4/09/26  9:10p   20.3   20.4   20.1    89   18.4   1.6     W   0.27  11.3     W   20.3   21.3   21.3    ---   842.8  0.00   0.0     0     0.00      0     0.0  0.00   0.0   0.000   0.014   25.4    35    8.8   24.7   6.90  .9707     0.00   229    1    100.0   10 
 4/09/26  9:20p   20.1   20.1   19.9    90   18.4   0.0   ---   0.00   0.0   ---   20.1   21.0   21.0    ---   843.0  0.00   0.0     0     0.00      0     0.0  0.00   0.0   0.000   0.012   25.3    34    8.3   24.7   6.70  .9716     0.00   228    1    100.0   10 
 4/09/26  9:30p   19.9   19.9   19.9    91   18.4   0.0   WSW   0.00   1.6   WSW   19.9   20.9   20.9    ---   843.1  0.00   0.0     0     0.00      0     0.0  0.00   0.0   0.000   0.011   25.3    35    8.8   24.7   6.90  .9714     0.00   232    1    100.0   10 
 4/09/26  9:40p   19.9   19.9   19.9    91   18.4   0.0   ---   0.00   0.0   ---   19.9   20.8   20.8    ---   843.1  0.00   0.0     0     0.00      0     0.0  0.00   0.0   0.000   0.011   25.3    33    7.8   24.6   6.55  .9724     0.00   227    1     99.6   10 
 4/09/26  9:50p   19.9   19.9   19.8    91   18.4   1.6   WNW   0.27   8.0     W   19.9   20.8   20.8    ---   843.1  0.00   0.0     0     0.00      0     0.0  0.00   0.0   0.000   0.011   25.3    34    8.3   24.6   6.70  .9719     0.00   232    1    100.0   10 
 4/09/26 10:00p   19.7   19.8   19.6    91   18.2   0.0   WNW   0.00   8.0   WNW   19.7   20.6   20.6    ---   843.0  0.00   0.0     0     0.00      0     0.0  0.00   0.0   0.000   0.009   25.2    36    9.0   24.6   7.00  .9715     0.00   229    1    100.0   10 
 4/09/26 10:10p   19.5   19.6   19.4    92   18.2   0.0     W   0.00   6.4     W   19.5   20.4   20.4    ---   843.0  0.00   0.0     0     0.00      0     0.0  0.00   0.0   0.000   0.008   25.2    36    9.0   24.6   7.00  .9715     0.00   231    1    100.0   10 
 4/09/26 10:20p   19.4   19.4   19.3    92   18.1   0.0     W   0.00   9.7     W   19.4   20.2   20.2    ---   843.1  0.00   0.0     0     0.00      0     0.0  0.00   0.0   0.000   0.007   25.1    37    9.4   24.6   7.21  .9715     0.00   232    1    100.0   10 
 4/09/26 10:30p   19.3   19.4   19.3    92   18.0   0.0   WSW   0.00   3.2   WSW   19.3   20.2   20.2    ---   843.3  0.00   0.0     0     0.00      0     0.0  0.00   0.0   0.000   0.007   25.1    36    8.9   24.5   7.01  .9724     0.00   227    1     99.6   10 
 4/09/26 10:40p   19.3   19.3   19.3    92   17.9   0.0   WSW   0.00   6.4   WSW   19.3   20.1   20.1    ---   843.4  0.00   0.0     0     0.00      0     0.0  0.00   0.0   0.000   0.007   25.1    36    8.9   24.5   7.01  .9724     0.00   231    1    100.0   10 
 4/09/26 10:50p   19.3   19.3   19.2    92   17.9   1.6    SW   0.27   9.7    SW   19.3   20.1   20.1    ---   843.4  0.00   0.0     0     0.00      0     0.0  0.00   0.0   0.000   0.007   25.1    36    8.9   24.5   7.01  .9724     0.00   229    1    100.0   10 
 4/09/26 11:00p   19.2   19.2   19.2    93   18.0   0.0    SW   0.00   1.6    SW   19.2   20.0   20.0    ---   843.5  0.00   0.0     0     0.00      0     0.0  0.00   0.0   0.000   0.006   24.9    35    8.4   24.4   6.91  .9734     0.00   232    1    100.0   10 
 4/09/26 11:10p   19.1   19.2   19.1    93   18.0   0.0    SW   0.00   1.6    SW   19.1   19.9   19.9    ---   843.4  0.00   0.0     0     0.00      0     0.0  0.00   0.0   0.000   0.005   24.9    35    8.4   24.3   6.91  .9735     0.00   233    1    100.0   10 
 4/09/26 11:20p   19.1   19.1   19.1    93   18.0   0.0   ---   0.00   0.0   ---   19.1   19.9   19.9    ---   843.3  0.00   0.0     0     0.00      0     0.0  0.00   0.0   0.000   0.005   24.9    36    8.8   24.4   7.01  .9727     0.00   228    1    100.0   10 
 4/09/26 11:30p   19.1   19.1   19.1    93   17.9   0.0   ---   0.00   0.0   ---   19.1   19.8   19.8    ---   843.4  0.00   0.0     0     0.00      0     0.0  0.00   0.0   0.000   0.005   24.9    34    8.0   24.3   6.71  .9736     0.00   232    1    100.0   10 
 4/09/26 11:40p   19.1   19.1   19.0    93   17.9   0.0    SW   0.00   8.0    SW   19.1   19.8   19.8    ---   843.5  0.00   0.0     0     0.00      0     0.0  0.00   0.0   0.000   0.005   24.9    34    8.0   24.3   6.71  .9737     0.00   228    1    100.0   10 
 4/09/26 11:50p   19.0   19.0   19.0    93   17.8   1.6    SW   0.27   6.4    SW   19.0   19.8   19.8    ---   843.4  0.00   0.0     0     0.00      0     0.0  0.00   0.0   0.000   0.005   24.9    35    8.4   24.4   6.91  .9732     0.00   231    1    100.0   10 
 5/09/26 12:00a   18.9   19.0   18.9    93   17.8   0.0    SW   0.00   8.0    SW   18.9   19.7   19.7    ---   843.5  0.00   0.0     0     0.00      0     0.0  0.00   0.0   0.000   0.004   24.9    34    8.0   24.3   6.71  .9738     0.00   232    1    100.0   10 
 5/09/26 12:10a   18.9   18.9   18.9    93   17.7   4.8    SW   0.80  12.9    SW   18.9   19.7   19.7    ---   843.5  0.00   0.0     0     0.00      0     0.0  0.00   0.0   0.000   0.004   24.9    33    7.6   24.3   6.55  .9741     0.00   227    1     99.6   10 
 5/09/26 12:20a   18.9   18.9   18.8    93   17.7   3.2   WSW   0.54  11.3    SW   18.9   19.7   19.7    ---   843.6  0.00   0.0     0     0.00      0     0.0  0.00   0.0   0.000   0.004   24.9    34    8.0   24.3   6.71  .9738     0.00   232    1    100.0   10 
 5/09/26 12:30a   18.8   18.9   18.8    93   17.7   3.2    SW   0.54   9.7   WSW   18.8   19.6   19.6    ---   843.5  0.00   0.0     0     0.00      0     0.0  0.00   0.0   0.000   0.003   24.9    35    8.4   24.4   6.91  .9734     0.00   230    1    100.0   10 
 5/09/26 12:40a   18.8   18.8   18.8    93   17.6   1.6    SW   0.27   9.7   WSW   18.8   19.5   19.5    ---   843.4  0.00   0.0     0     0.00      0     0.0  0.00   0.0   0.000   0.003   24.8    34    7.9   24.2   6.72  .9740     0.00   232    1    100.0   10 
 5/09/26 12:50a   18.8   18.8   18.7    93   17.6   3.2   WSW   0.54  11.3   WSW   18.8   19.5   19.5    ---   843.3  0.00   0.0     0     0.00      0     0.0  0.00   0.0   0.000   0.003   24.8    33    7.4   24.1   6.55  .9746     0.00   232    1    100.0   10 
 5/09/26  1:00a   18.7   18.7   18.7    93   17.6   1.6   WSW   0.27  11.3   WSW   18.7   19.4   19.4    ---   843.2  0.00   0.0     0     0.00      0     0.0  0.00   0.0   0.000   0.003   24.7    34    7.8   24.1   6.72  .9743     0.00   227    1     99.6   10 
 5/09/26  1:10a   18.7   18.7   18.6    93   17.5   1.6   WSW   0.27  11.3   WSW   18.7   19.4   19.4    ---   843.1  0.00   0.0     0     0.00      0     0.0  0.00   0.0   0.000   0.002   24.7    33    7.4   24.1   6.55  .9746     0.00   232    1    100.0   10 
 5/09/26  1:20a   18.6   18.7   18.6    93   17.5   1.6   WSW   0.27   8.0   WSW   18.6   19.3   19.3    ---   843.1  0.00   0.0     0     0.00      0     0.0  0.00   0.0   0.000   0.002   24.7    33    7.4   24.1   6.55  .9745     0.00   231    1    100.0   10 
 5/09/26  1:30a   18.6   18.6   18.6    93   17.4   1.6    SW   0.27   9.7    SW   18.6   19.2   19.2    ---   843.0  0.00   0.0     0     0.00      0     0.0  0.00   0.0   0.000   0.002   24.7    35    8.2   24.1   6.92  .9737     0.00   227    1     99.6   10 
 5/09/26  1:40a   18.5   18.6   18.5    93   17.3   1.6    SW   0.27  11.3    SW   18.5   19.2   19.2    ---   843.0  0.00   0.0     0     0.00      0     0.0  0.00   0.0   0.000   0.001   24.7    34    7.8   24.1   6.72  .9740     0.00   231    1    100.0   10 
 5/09/26  1:50a   18.5   18.5   18.4    93   17.3   1.6    SW   0.27  11.3    SW   18.5   19.2   19.2    ---   843.0  0.00   0.0     0     0.00      0     0.0  0.00   0.0   0.000   0.001   24.7    33    7.4   24.1   6.55  .9744     0.00   227    1     99.6   10 
 5/09/26  2:00a   18.4   18.4   18.4    93   17.3   0.0   ---   0.00   0.0   ---   18.4   19.1   19.1    ---   843.0  0.00   0.0     0     0.00      0     0.0  0.00   0.0   0.000   0.001   24.7    35    8.2   24.1   6.92  .9740     0.00   231    1    100.0   10 
 5/09/26  2:10a   18.3   18.4   18.3    93   17.2   0.0   ---   0.00   0.0   ---   18.3   18.9   18.9    ---   843.1  0.00   0.0     0     0.00      0     0.0  0.00   0.0   0.000   0.000   24.6    34    7.7   23.9   6.72  .9746     0.00   229    1    100.0   10 
 5/09/26  2:20a   18.3   18.3   18.2    94   17.3   0.0   ---   0.00   0.0   ---   18.3   18.9   18.9    ---   843.1  0.00   0.0     0     0.00      0     0.0  0.00   0.0   0.000   0.000   24.6    35    8.1   24.0   6.92  .9743     0.00   230    1    100.0   10 
 5/09/26  2:30a   18.3   18.3   18.2    94   17.3   0.0    SW   0.00   1.6    SW   18.3   18.9   18.9    ---   843.2  0.00   0.0     0     0.00      0     0.0  0.00   0.0   0.000   0.000   24.6    36    8.5   24.0   7.02  .9740     0.00   231    1    100.0   10 
 5/09/26  2:40a   18.4   18.5   18.3    94   17.4   0.0   WSW   0.00   8.0   WSW   18.4   19.1   19.1    ---   843.1  0.00   0.0     0     0.00      0     0.0  0.00   0.0   0.000   0.000   24.6    34    7.7   23.9   6.72  .9747     0.00   229    1    100.0   10 
 5/09/26  2:50a   18.5   18.6   18.5    94   17.5   3.2    SW   0.54  11.3    SW   18.5   19.2   19.2    ---   843.0  0.00   0.0     0     0.00      0     0.0  0.00   0.0   0.000   0.001   24.6    34    7.7   23.9   6.72  .9745     0.00   232    1    100.0   10 
 5/09/26  3:00a   18.6   18.6   18.5    94   17.6   1.6    SW   0.27  11.3    SW   18.6   19.2   19.2    ---   842.9  0.00   0.0     0     0.00      0     0.0  0.00   0.0   0.000   0.002   24.6    35    8.1   24.0   6.92  .9740     0.00   231    1    100.0   10 
 5/09/26  3:10a   18.5   18.6   18.5    94   17.5   0.0    SW   0.00   6.4    SW   18.5   19.2   19.2    ---   843.0  0.00   0.0     0     0.00      0     0.0  0.00   0.0   0.000   0.001   24.6    34    7.7   23.9   6.72  .9745     0.00   225    1     98.7   10 
 5/09/26  3:20a   18.5   18.5   18.5    94   17.5   0.0    SW   0.00   6.4    SW   18.5   19.2   19.2    ---   843.2  0.00   0.0     0     0.00      0     0.0  0.00   0.0   0.000   0.001   24.6    35    8.1   24.0   6.92  .9744     0.00   233    1    100.0   10 
 5/09/26  3:30a   18.5   18.5   18.5    94   17.5   0.0   ---   0.00   0.0   ---   18.5   19.2   19.2    ---   843.3  0.00   0.0     0     0.00      0     0.0  0.00   0.0   0.000   0.001   24.6    36    8.5   24.0   7.02  .9742     0.00   229    1    100.0   10 
 5/09/26  3:40a   18.5   18.5   18.4    94   17.5   1.6    SW   0.27  11.3    SW   18.5   19.2   19.2    ---   843.3  0.00   0.0     0     0.00      0     0.0  0.00   0.0   0.000   0.001   24.6    35    8.1   24.0   6.92  .9745     0.00   230    1    100.0   10 
 5/09/26  3:50a   18.4   18.4   18.4    93   17.3   3.2    SW   0.54  11.3    SW   18.4   19.1   19.1    ---   843.3  0.00   0.0     0     0.00      0     0.0  0.00   0.0   0.000   0.001   24.6    33    7.3   23.9   6.55  .9753     0.00   231    1    100.0   10 
 5/09/26  4:00a   18.4   18.5   18.4    94   17.5   0.0   ---   0.00   0.0   ---   18.4   19.1   19.1    ---   843.4  0.00   0.0     0     0.00      0     0.0  0.00   0.0   0.000   0.001   24.6    34    7.7   23.9   6.72  .9749     0.00   227    1     99.6   10 
 5/09/26  4:10a   18.6   18.6   18.5    93   17.4   0.0   ---   0.00   0.0   ---   18.6   19.2   19.2    ---   843.3  0.00   0.0     0     0.00      0     0.0  0.00   0.0   0.000   0.002   24.7    35    8.2   24.1   6.92  .9743     0.00   231    1    100.0   10 
 5/09/26  4:20a   18.6   18.6   18.6    93   17.5   1.6    SW   0.27   8.0    SW   18.6   19.3   19.3    ---   843.2  0.00   0.0     0     0.00      0     0.0  0.00   0.0   0.000   0.002   24.6    35    8.1   24.0   6.92  .9744     0.00   229    1    100.0   10 
 5/09/26  4:30a   18.6   18.6   18.6    93   17.5   1.6   WSW   0.27  11.3   WSW   18.6   19.3   19.3    ---   843.2  0.00   0.0     0     0.00      0     0.0  0.00   0.0   0.000   0.002   24.6    34    7.7   23.9   6.73  .9750     0.00   231    1    100.0   10 
 5/09/26  4:40a   18.7   18.7   18.6    92   17.3   0.0    SW   0.00   8.0   WSW   18.7   19.3   19.3    ---   843.1  0.00   0.0     0     0.00      0     0.0  0.00   0.0   0.000   0.002   24.6    36    8.5   24.0   7.02  .9739     0.00   231    1    100.0   10 
 5/09/26  4:50a   18.7   18.7   18.7    92   17.3   0.0    SW   0.00   6.4    SW   18.7   19.3   19.3    ---   843.0  0.00   0.0     0     0.00      0     0.0  0.00   0.0   0.000   0.002   24.6    36    8.5   23.9   7.03  .9740     0.00   227    1     99.6   10 
 5/09/26  5:00a   18.7   18.7   18.7    92   17.3   1.6    SW   0.27   9.7    SW   18.7   19.3   19.3    ---   843.1  0.00   0.0     0     0.00      0     0.0  0.00   0.0   0.000   0.002   24.6    34    7.7   23.9   6.73  .9748     0.00   232    1    100.0   10 
 5/09/26  5:10a   18.7   18.7   18.7    91   17.2   1.6    SW   0.27   8.0    SW   18.7   19.3   19.3    ---   843.0  0.00   0.0     0     0.00      0     0.0  0.00   0.0   0.000   0.002   24.6    33    7.2   23.8   6.55  .9751     0.00   229    1    100.0   10 
 5/09/26  5:20a   18.7   18.8   18.7    91   17.2   0.0    SW   0.00   8.0    SW   18.7   19.4   19.4    ---   843.0  0.00   0.0     0     0.00      0     0.0  0.00   0.0   0.000   0.003   24.6    33    7.2   23.8   6.55  .9750     0.00   231    1    100.0   10 
 5/09/26  5:30a   18.8   18.8   18.7    91   17.3   0.0    SW   0.00   9.7    SW   18.8   19.5   19.5    ---   842.9  0.00   0.0     0     0.00      0     0.0  0.00   0.0   0.000   0.003   24.6    33    7.2   23.8   6.55  .9750     0.00   232    1    100.0   10 
 5/09/26  5:40a   18.7   18.7   18.7    91   17.2   0.0   SSW   0.00   3.2   SSW   18.7   19.4   19.4    ---   843.0  0.00   0.0     0     0.00      0     0.0  0.00   0.0   0.000   0.003   24.6    33    7.2   23.8   6.55  .9751     0.00   228    1    100.0   10 
 5/09/26  5:50a   18.7   18.7   18.7    91   17.2   1.6    SW   0.27   9.7    SW   18.7   19.3   19.3    ---   843.0  0.00   0.0     0     0.00      0     0.0  0.00   0.0   0.000   0.002   24.6    32    6.8   23.8   6.43  .9754     0.00   232    1    100.0   10 
 5/09/26  6:00a   18.7   18.7   18.6    91   17.2   0.0   ---   0.00   0.0   ---   18.7   19.3   19.3    ---   843.0  0.00   0.0     0     0.00      0     0.0  0.00   0.0   0.000   0.002   24.6    33    7.2   23.8   6.55  .9750     0.00   231    1    100.0   10 
 5/09/26  6:10a   18.6   18.6   18.6    91   17.1   0.0   ---   0.00   0.0   ---   18.6   19.2   19.2    ---   843.1  0.00   0.0     0     0.00      0     0.0  0.00   0.0   0.000   0.002   24.6    32    6.8   23.9   6.42  .9754     0.00   230    1    100.0   10 
 5/09/26  6:20a   18.5   18.6   18.5    91   17.0   0.0    SW   0.00   3.2   WSW   18.5   19.1   19.1    ---   843.2  0.00   0.0     0     0.00      0     0.0  0.00   0.0   0.000   0.001   24.6    33    7.3   23.9   6.55  .9751     0.00   231    1    100.0   10 
 5/09/26  6:30a   18.5   18.6   18.4    91   17.0   1.6    SW   0.27   8.0    SW   18.5   19.1   19.1    ---   843.4  0.00   0.0     0     0.00      0     0.0  0.00   0.0   0.000   0.001   24.6    32    6.8   23.9   6.42  .9757     0.00   228    1    100.0   10 
 5/09/26  6:40a   18.6   18.6   18.6    91   17.1   1.6    SW   0.27   6.4    SW   18.6   19.2   19.2    ---   843.5  0.00   0.0     0     0.00      0     0.0  0.00   0.0   0.000   0.002   24.6    32    6.8   23.9   6.42  .9758     0.00   232    1    100.0   10 
 5/09/26  6:50a   18.6   18.6   18.6    91   17.1   1.6    SW   0.27   9.7    SW   18.6   19.2   19.2    ---   843.5  0.00   0.0     0     0.00      0     0.0  0.00   0.0   0.000   0.002   24.6    33    7.3   23.9   6.55  .9755     0.00   231    1    100.0   10 
 5/09/26  7:00a   18.6   18.7   18.6    91   17.1   1.6    SW   0.27   9.7    SW   18.6   19.3   19.3    ---   843.6  0.00   0.0     2     0.03      5     0.0  0.00   0.0   0.000   0.002   24.6    34    7.7   23.9   6.72  .9752     0.00   229    1    100.0   10 
 5/09/26  7:10a   18.7   18.7   18.7    90   17.0   0.0    SW   0.00   4.8    SW   18.7   19.4   19.4    ---   843.7  0.00   0.0     8     0.11     11     0.0  0.00   0.0   0.000   0.003   24.6    34    7.7   23.9   6.72  .9753     0.00   232    1    100.0   10 
 5/09/26  7:20a   18.7   18.8   18.7    90   17.0   0.0    SW   0.00   6.4    SW   18.7   19.4   19.4    ---   843.8  0.00   0.0    17     0.24     23     0.0  0.00   0.0   0.000   0.003   24.6    35    8.1   23.9   6.93  .9753     0.00   226    1     99.1   10 
 5/09/26  7:30a   18.8   18.8   18.8    90   17.1   0.0   ---   0.00   0.0   ---   18.8   19.4   19.4    ---   843.8  0.00   0.0    22     0.32     23     0.0  0.00   0.0   0.000   0.003   24.6    35    8.1   23.9   6.93  .9753     0.00   233    1    100.0   10 
 5/09/26  7:40a   18.9   18.9   18.8    90   17.2   0.0   ---   0.00   0.0   ---   18.9   19.6   19.6    ---   844.0  0.00   0.0    21     0.30     23     0.0  0.00   0.0   0.000   0.004   24.6    33    7.2   23.8   6.55  .9763     0.00   233    1    100.0   10 
 5/09/26  7:50a   19.1   19.1   18.9    90   17.4   0.0    SW   0.00   1.6    SW   19.1   19.8   19.8    ---   844.2  0.00   0.0    25     0.36     26     0.0  0.00   0.0   0.000   0.005   24.6    33    7.2   23.8   6.55  .9764     0.00   228    1    100.0   10 
 5/09/26  8:00a   19.1   19.1   19.1    90   17.4   0.0    SW   0.00   3.2    SW   19.1   19.8   19.8    ---   844.2  0.00   0.0    33     0.47     39     0.0  0.00   0.0   0.000   0.005   24.6    35    8.1   24.0   6.92  .9755     0.03   231    1    100.0   10 
 5/09/26  8:10a   19.2   19.3   19.1    90   17.5   0.0   SSW   0.00   3.2   SSW   19.2   19.9   19.9    ---   844.3  0.00   0.0    46     0.66     54     0.0  0.00   0.0   0.000   0.006   24.6    36    8.5   24.0   7.02  .9753     0.00   226    1     99.1   10 
 5/09/26  8:20a   19.3   19.3   19.2    89   17.4   0.0   SSW   0.00   4.8   SSW   19.3   20.1   20.1    ---   844.3  0.00   0.0    62     0.89     67     1.6  0.11   2.0   0.000   0.007   24.6    36    8.5   24.0   7.02  .9752     0.00   231    1    100.0   10 
 5/09/26  8:30a   19.4   19.6   19.3    89   17.6   1.6     S   0.27   6.4     S   19.4   20.3   20.3    ---   844.3  0.00   0.0    76     1.09     90     1.7  0.12   2.1   0.000   0.008   24.6    37    8.9   24.1   7.22  .9749     0.00   230    1    100.0   10 
 5/09/26  8:40a   19.6   19.7   19.6    89   17.7   0.0     S   0.00   3.2     S   19.6   20.4   20.4    ---   844.2  0.00   0.0   112     1.61    134     1.9  0.14   2.2   0.000   0.009   24.7    36    8.6   24.1   7.02  .9749     0.00   230    1    100.0   10 
 5/09/26  8:50a   19.8   19.8   19.7    89   17.9   0.0    SW   0.00   4.8    SW   19.8   20.7   20.7    ---   844.0  0.00   0.0   159     2.28    192     2.1  0.15   2.5   0.000   0.010   24.9    36    8.8   24.3   7.01  .9738     0.00   231    1    100.0   10 
 5/09/26  9:00a   19.8   19.9   19.8    88   17.8   0.0   SSW   0.00   1.6   SSW   19.8   20.7   20.7    ---   844.0  0.00   0.0   228     3.27    272     2.4  0.17   2.7   0.000   0.010   25.1    33    7.7   24.5   6.55  .9741     0.08   228    1    100.0   10 
 5/09/26  9:10a   20.2   20.6   19.9    87   18.0   0.0    NW   0.00   1.6     W   20.2   21.2   21.2    ---   844.0  0.00   0.0   497     7.12    522     2.8  0.20   3.2   0.000   0.013   25.4    33    8.0   24.7   6.55  .9727     0.00   232    1    100.0   10 
 5/09/26  9:20a   21.1   21.6   20.6    84   18.3   1.6    NW   0.27  11.3    NW   21.1   21.9   21.9    ---   844.0  0.00   0.0   485     6.95    520     3.0  0.21   3.4   0.000   0.019   25.8    32    7.9   25.0   6.38  .9716     0.00   230    1    100.0   10 
 5/09/26  9:30a   21.9   22.3   21.6    81   18.5   1.6    NW   0.27  11.3    NW   21.9   22.7   22.7    ---   844.1  0.00   0.0   538     7.71    552     3.3  0.24   3.7   0.000   0.025   26.1    31    7.7   25.2   6.17  .9710     0.00   230    1    100.0   10 
 5/09/26  9:40a   22.6   22.9   22.3    78   18.6   1.6    NW   0.27   8.0    NW   22.6   23.4   23.4    ---   844.1  0.00   0.0   568     8.14    584     3.6  0.26   4.0   0.000   0.030   26.3    31    7.8   25.3   6.16  .9703     0.00   232    1    100.0   10 
 5/09/26  9:50a   23.2   23.5   22.9    76   18.8   0.0    NW   0.00   6.4    NW   23.2   24.2   24.2    ---   844.3  0.00   0.0   598     8.57    619     3.8  0.27   4.3   0.000   0.034   26.4    31    7.9   25.4   6.16  .9698     0.00   227    1     99.6   10 
 5/09/26 10:00a   23.8   24.1   23.5    75   19.1   0.0   NNW   0.00   9.7   NNW   23.8   24.9   24.9    ---   844.3  0.00   0.0   641     9.19    664     4.1  0.29   4.5   0.000   0.038   26.6    31    8.1   25.6   6.15  .9692     0.36   232    1    100.0   10 
 5/09/26 10:10a   24.3   24.6   24.1    74   19.4   1.6   NNW   0.27   9.7   NNW   24.3   25.6   25.6    ---   844.3  0.00   0.0   612     8.77    696     4.0  0.29   4.7   0.000   0.042   26.8    31    8.2   25.7   6.15  .9685     0.00   227    1     99.6   10 
 5/09/26 10:20a   24.7   24.8   24.6    74   19.7   0.0     N   0.00   6.4   NNW   24.7   25.9   25.9    ---   844.4  0.00   0.0   726    10.41    745     4.8  0.34   5.3   0.000   0.044   26.9    31    8.3   25.8   6.15  .9682     0.00   229    1    100.0   10 
 5/09/26 10:30a   24.9   25.1   24.8    73   19.8   1.6     N   0.27   6.4   NNE   24.9   26.2   26.2    ---   844.5  0.00   0.0   771    11.05    788     5.1  0.36   5.4   0.000   0.046   27.1    31    8.5   26.0   6.15  .9676     0.00   232    1    100.0   10 
 5/09/26 10:40a   25.2   25.3   25.1    69   19.1   0.0     N   0.00   6.4     N   25.2   26.2   26.2    ---   844.4  0.00   0.0   788    11.30    823     5.5  0.39   6.0   0.000   0.047   27.2    31    8.6   26.2   6.15  .9669     0.00   230    1    100.0   10 
 5/09/26 10:50a   25.2   25.4   25.1    68   18.8   0.0    NE   0.00   3.2    NE   25.2   26.1   26.1    ---   844.4  0.00   0.0   807    11.57    826     5.8  0.41   6.2   0.000   0.047   27.3    30    8.2   26.2   6.05  .9671     0.00   232    1    100.0   10 
 5/09/26 11:00a   25.7   25.9   25.4    67   19.1   0.0    NE   0.00   6.4    NE   25.7   26.6   26.6    ---   844.3  0.00   0.0   841    12.06    888     5.9  0.42   6.3   0.000   0.051   27.4    30    8.3   26.3   6.05  .9665     0.48   229    1    100.0   10 
 5/09/26 11:10a   26.1   26.2   25.9    65   19.0   0.0    NE   0.00   1.6    NE   26.1   27.1   27.1    ---   844.1  0.00   0.0   691     9.91    884     5.5  0.39   6.3   0.000   0.054   27.4    31    8.8   26.3   6.15  .9659     0.00   231    1    100.0   10 
 5/09/26 11:20a   26.0   26.2   25.9    66   19.2   0.0   NNW   0.00   1.6    NE   26.0   27.0   27.0    ---   844.0  0.00   0.0   430     6.16    907     5.5  0.39   6.7   0.000   0.053   27.2    30    8.1   26.1   6.05  .9671     0.00   231    1    100.0   10 
 5/09/26 11:30a   25.7   25.9   25.5    68   19.3   0.0    SW   0.00   4.8    SW   25.7   26.7   26.7    ---   843.9  0.00   0.0   889    12.74    914     6.4  0.46   6.9   0.000   0.051   27.2    30    8.1   26.1   6.05  .9669     0.00   230    1    100.0   10 
 5/09/26 11:40a   25.8   26.2   25.5    65   18.8   0.0     W   0.00   6.4     W   25.8   26.7   26.7    ---   843.8  0.00   0.0   810    11.61    896     6.1  0.44   7.1   0.000   0.052   27.2    30    8.1   26.1   6.05  .9666     0.00   231    1    100.0   10 
 5/09/26 11:50a   26.4   26.7   26.2    64   19.0   1.6     W   0.27   8.0     W   26.4   27.3   27.3    ---   843.7  0.00   0.0   862    12.36    965     7.0  0.50   7.6   0.000   0.056   27.2    29    7.6   26.0   5.85  .9671     0.00   230    1    100.0   10 
 5/09/26 12:00p   26.9   27.1   26.7    62   19.0   1.6    SW   0.27   4.8    SW   26.9   27.9   27.9    ---   843.6  0.00   0.0   945    13.55    956     7.3  0.52   7.8   0.000   0.059   27.3    30    8.2   26.2   6.05  .9661     0.51   231    1    100.0   10 
 5/09/26 12:10p   27.2   27.3   27.1    62   19.3   1.6     W   0.27   6.4     W   27.2   28.3   28.3    ---   843.3  0.00   0.0   945    13.55    954     7.4  0.53   7.8   0.000   0.061   27.4    29    7.8   26.2   5.85  .9658     0.00   230    1    100.0   10 
 5/09/26 12:20p   27.3   27.4   27.3    60   18.9   0.0     W   0.00   4.8     W   27.3   28.3   28.3    ---   843.1  0.00   0.0   936    13.42    939     7.6  0.54   7.9   0.000   0.062   27.4    29    7.8   26.2   5.85  .9656     0.00   229    1    100.0   10 
 5/09/26 12:30p   27.7   27.9   27.4    59   19.0   0.0   NNW   0.00   4.8   NNW   27.7   28.8   28.8    ---   843.1  0.00   0.0   944    13.53    967     7.5  0.54   8.0   0.000   0.065   27.4    29    7.8   26.2   5.85  .9655     0.00   232    1    100.0   10 
 5/09/26 12:40p   27.9   27.9   27.9    58   18.9   0.0     N   0.00   8.0   NNE   27.9   29.1   29.1    ---   842.9  0.00   0.0   921    13.20    967     6.4  0.46   7.8   0.000   0.067   27.3    29    7.7   26.2   5.85  .9655     0.00   228    1    100.0   10 
 5/09/26 12:50p   28.1   28.2   27.9    57   18.7   0.0   NNE   0.00   6.4     N   28.1   29.2   29.2    ---   842.8  0.00   0.0   744    10.67   1013     6.6  0.47   7.7   0.000   0.068   27.3    29    7.7   26.1   5.85  .9657     0.00   232    1    100.0   10 
 5/09/26  1:00p   28.4   28.7   28.2    57   19.1   1.6     N   0.27   6.4     N   28.4   29.8   29.8    ---   842.6  0.00   0.0  1013    14.52   1030     7.8  0.56   8.2   0.000   0.070   27.4    28    7.3   26.2   5.72  .9652     0.61   231    1    100.0   10 
 5/09/26  1:10p   28.9   29.2   28.7    55   19.0   1.6   NNE   0.27   8.0   NNE   28.9   30.4   30.4    ---   842.4  0.00   0.0   992    14.22   1011     7.6  0.54   7.9   0.000   0.074   27.6    29    8.0   26.4   5.85  .9639     0.00   229    1    100.0   10 
 5/09/26  1:20p   29.1   29.2   29.1    54   18.9   0.0    NE   0.00   6.4    NE   29.1   30.5   30.5    ---   842.3  0.00   0.0   969    13.89    974     7.5  0.54   7.9   0.000   0.075   27.7    29    8.1   26.6   5.85  .9633     0.00   232    1    100.0   10 
 5/09/26  1:30p   28.9   29.1   28.8    55   18.9   1.6    NE   0.27   9.7    NE   28.9   30.3   30.3    ---   842.2  0.00   0.0   834    11.96    963     7.2  0.51   7.6   0.000   0.073   27.7    29    8.1   26.6   5.85  .9632     0.00   229    1    100.0   10 
 5/09/26  1:40p   29.1   29.2   28.8    53   18.5   0.0    NE   0.00   1.6    NE   29.1   30.3   30.3    ---   842.1  0.00   0.0   246     3.53    468     7.2  0.51   7.6   0.000   0.074   27.8    29    8.2   26.7   5.85  .9626     0.00   228    1    100.0   10 
 5/09/26  1:50p   29.4   29.6   29.2    54   19.2   0.0    NE   0.00   6.4    NE   29.4   30.9   30.9    ---   841.9  0.00   0.0   138     1.98    144     7.2  0.51   7.6   0.000   0.077   27.8    29    8.2   26.7   5.85  .9623     0.00   231    1    100.0   10 
 5/09/26  2:00p   29.8   30.1   29.7    50   18.3   1.6    NE   0.27   6.4     E   29.8   31.0   31.0    ---   841.6  0.00   0.0   126     1.81    127     7.0  0.50   7.5   0.000   0.080   27.8    29    8.2   26.7   5.85  .9621     0.38   227    1     99.6   10 
 5/09/26  2:10p   30.3   30.4   30.1    49   18.4   1.6     E   0.27   8.0     E   30.3   31.6   31.6    ---   841.4  0.00   0.0   266     3.81    506     6.9  0.49   7.4   0.000   0.083   27.7    28    7.5   26.6   5.71  .9627     0.00   231    1    100.0   10 
 5/09/26  2:20p   30.5   30.6   30.4    49   18.6   0.0   NNE   0.00   3.2   NNE   30.5   32.0   32.0    ---   841.2  0.00   0.0   788    11.30    886     6.7  0.48   7.0   0.000   0.084   27.7    29    8.1   26.6   5.85  .9620     0.00   230    1    100.0   10 
 5/09/26  2:30p   30.4   30.6   30.3    50   18.8   0.0   NNE   0.00   1.6   NNE   30.4   31.9   31.9    ---   840.9  0.00   0.0   911    13.06    921     6.2  0.44   6.6   0.000   0.084   27.7    29    8.1   26.6   5.85  .9617     0.00   228    1    100.0   10 
 5/09/26  2:40p   30.6   30.7   30.5    50   19.0   1.6   NNE   0.27  11.3   NNE   30.6   32.3   32.3    ---   840.8  0.00   0.0   468     6.71    919     3.8  0.27   6.1   0.000   0.085   27.7    28    7.5   26.6   5.71  .9620     0.00   234    1    100.0   10 
 5/09/26  2:50p   30.4   30.7   30.3    49   18.5   0.0   NNE   0.00   3.2   NNE   30.4   31.9   31.9    ---   840.6  0.00   0.0   633     9.07    856     4.7  0.34   6.0   0.000   0.084   27.5    28    7.4   26.3   5.72  .9627     0.00   230    1    100.0   10 
 5/09/26  3:00p   30.4   30.7   30.3    47   17.9   1.6    NE   0.27  11.3   NNE   30.4   31.6   31.6    ---   840.6  0.00   0.0   824    11.81    853     5.4  0.39   5.8   0.000   0.084   27.4    28    7.3   26.2   5.72  .9630     0.46   231    1    100.0   10 
 5/09/26  3:10p   30.8   30.9   30.7    46   17.8   1.6     E   0.27   6.4    NE   30.8   31.9   31.9    ---   840.5  0.00   0.0   731    10.48    789     4.1  0.29   5.5   0.000   0.086   27.4    28    7.3   26.2   5.72  .9629     0.00   232    1    100.0   10 
 5/09/26  3:20p   31.1   31.3   30.9    44   17.4   0.0     E   0.00  11.3     E   31.1   31.9   31.9    ---   840.5  0.00   0.0   708    10.15    795     2.8  0.20   3.3   0.000   0.089   27.4    28    7.3   26.2   5.72  .9629     0.00   229    1    100.0   10 
 5/09/26  3:30p   31.4   31.5   31.3    43   17.4   1.6   ENE   0.27   6.4   ENE   31.4   32.4   32.4    ---   840.4  0.00   0.0   407     5.83    786     2.7  0.19   2.9   0.000   0.091   27.4    28    7.3   26.2   5.72  .9628     0.00   231    1    100.0   10 
 5/09/26  3:40p   31.2   31.4   31.1    42   16.8   0.0   NNE   0.00   6.4   NNE   31.2   31.7   31.7    ---   840.2  0.00   0.0   602     8.63    740     2.7  0.19   3.1   0.000   0.090   27.3    28    7.2   26.1   5.73  .9631     0.00   230    1    100.0   10 
 5/09/26  3:50p   31.2   31.3   31.1    43   17.1   0.0   ENE   0.00   1.6   ENE   31.2   31.8   31.8    ---   840.0  0.00   0.0   284     4.07    501     2.4  0.17   2.8   0.000   0.089   27.2    27    6.6   25.9   5.55  .9635     0.00   227    1     99.6   10 
 5/09/26  4:00p   31.3   31.3   31.2    41   16.5   0.0    NE   0.00   3.2    NE   31.3   31.7   31.7    ---   840.0  0.00   0.0   168     2.41    176     2.3  0.16   2.6   0.000   0.090   27.1    27    6.5   25.8   5.55  .9638     0.36   234    1    100.0   10 
 5/09/26  4:10p   30.9   31.2   30.7    43   16.9   0.0   SSE   0.00   4.8   SSE   30.9   31.5   31.5    ---   839.9  0.00   0.0   148     2.12    155     2.0  0.14   2.3   0.000   0.087   27.0    27    6.4   25.7   5.55  .9641     0.00   225    1     98.7   10 
 5/09/26  4:20p   30.5   30.7   30.3    43   16.5   0.0    SE   0.00   1.6    SE   30.5   31.1   31.1    ---   839.8  0.00   0.0   147     2.11    149     2.0  0.14   2.3   0.000   0.084   26.8    27    6.3   25.6   5.55  .9647     0.00   232    1    100.0   10 
 5/09/26  4:30p   30.2   30.3   30.1    45   16.9   0.0    NE   0.00   4.8    NE   30.2   30.9   30.9    ---   839.7  0.00   0.0   171     2.45    202     1.8  0.13   2.1   0.000   0.082   26.7    27    6.2   25.4   5.55  .9650     0.00   230    1    100.0   10 
 5/09/26  4:40p   29.9   30.1   29.8    46   17.1   1.6   NNE   0.27   8.0    NE   29.9   30.7   30.7    ---   839.7  0.00   0.0   173     2.48    204     1.6  0.11   2.0   0.000   0.081   26.7    27    6.2   25.4   5.55  .9650     0.00   228    1    100.0   10 
 5/09/26  4:50p   29.7   29.8   29.6    47   17.2   3.2    NE   0.54   9.7    NE   29.7   30.5   30.5    ---   839.7  0.00   0.0   159     2.28    165     1.5  0.11   1.9   0.000   0.079   26.6    27    6.1   25.3   5.55  .9654     0.00   233    1    100.0   10 
 5/09/26  5:00p   29.5   29.6   29.4    48   17.3   1.6   NNE   0.27   8.0    NE   29.5   30.3   30.3    ---   839.7  0.00   0.0   172     2.47    190     1.6  0.11   1.9   0.000   0.078   26.6    28    6.6   25.4   5.75  .9650     0.13   228    1    100.0   10 
 5/09/26  5:10p   29.3   29.4   29.3    49   17.5   0.0    NE   0.00   8.0    NE   29.3   30.2   30.2    ---   839.6  0.00   0.0   221     3.17    262     1.6  0.11   1.9   0.000   0.076   26.5    27    6.0   25.3   5.55  .9658     0.00   231    1    100.0   10 
 5/09/26  5:20p   29.3   29.3   29.3    48   17.1   0.0   ENE   0.00   4.8   ENE   29.3   30.1   30.1    ---   839.5  0.00   0.0   253     3.63    279     1.5  0.11   1.8   0.000   0.076   26.4    27    5.9   25.2   5.55  .9659     0.00   229    1    100.0   10 
 5/09/26  5:30p   29.5   29.7   29.3    49   17.7   1.6    NE   0.27   8.0    NE   29.5   30.4   30.4    ---   839.6  0.00   0.0   266     3.81    283     1.4  0.10   1.8   0.000   0.078   26.4    27    5.9   25.2   5.55  .9662     0.00   230    1    100.0   10 
 5/09/26  5:40p   29.7   29.7   29.7    50   18.2   1.6    NE   0.27  11.3    NE   29.7   30.8   30.8    ---   839.5  0.00   0.0   139     1.99    225     0.9  0.06   1.6   0.000   0.079   26.4    27    5.9   25.2   5.55  .9661     0.00   232    1    100.0   10 
 5/09/26  5:50p   29.3   29.7   28.8    55   19.3   8.0    NE   1.34  17.7    NE   29.3   30.8   30.8    ---   839.7  0.00   0.0    44     0.63     47     0.0  0.00   0.0   0.000   0.076   26.3    28    6.3   25.1   5.74  .9663     0.00   227    1     99.6   10 
 5/09/26  6:00p   28.3   28.8   27.9    57   18.9   6.4    NE   1.07  14.5    NE   28.3   29.5   29.5    ---   839.7  0.00   0.0    35     0.50     42     0.0  0.00   0.0   0.000   0.069   26.2    28    6.3   25.1   5.73  .9666     0.15   231    1    100.0   10 
 5/09/26  6:10p   27.4   27.8   27.1    59   18.7   6.4    NE   1.07  19.3     N   27.4   28.4   28.4    ---   839.8  0.00   0.0    24     0.34     30     0.0  0.00   0.0   0.000   0.063   26.2    28    6.2   25.1   5.73  .9669     0.00   228    1    100.0   10 
 5/09/26  6:20p   26.7   27.1   26.5    61   18.6   4.8   ENE   0.80  16.1    NE   26.7   27.6   27.6    ---   839.9  0.00   0.0    24     0.34     26     0.0  0.00   0.0   0.000   0.058   26.1    29    6.6   25.0   5.85  .9670     0.00   230    1    100.0   10 
 5/09/26  6:30p   26.3   26.5   26.2    63   18.7   4.8   ENE   0.80  14.5   ENE   26.3   27.2   27.2    ---   839.9  0.00   0.0    13     0.19     16     0.0  0.00   0.0   0.000   0.056   25.9    29    6.5   24.9   5.85  .9675     0.00   231    1    100.0   10 
 5/09/26  6:40p   26.0   26.2   25.8    65   18.9   1.6   ENE   0.27  16.1   ENE   26.0   26.9   26.9    ---   840.0  0.00   0.0     9     0.13     11     0.0  0.00   0.0   0.000   0.053   25.9    29    6.5   24.9   5.85  .9678     0.00   228    1    100.0   10 
 5/09/26  6:50p   25.7   25.8   25.6    66   18.9   3.2   ENE   0.54  14.5   ENE   25.7   26.6   26.6    ---   840.1  0.00   0.0     7     0.10      7     0.0  0.00   0.0   0.000   0.051   25.8    29    6.4   24.8   5.85  .9684     0.00   232    1    100.0   10 
 5/09/26  7:00p   25.6   25.6   25.4    67   19.0   0.0   ENE   0.00   8.0   ENE   25.6   26.4   26.4    ---   840.2  0.00   0.0     2     0.03      5     0.0  0.00   0.0   0.000   0.050   25.7    29    6.3   24.8   5.85  .9687     0.03   226    1     99.1   10 
 5/09/26  7:10p   25.4   25.4   25.3    68   19.1   1.6   SSE   0.27  14.5   SSE   25.4   26.3   26.3    ---   840.3  0.00   0.0     0     0.00      0     0.0  0.00   0.0   0.000   0.049   25.7    30    6.8   24.8   6.05  .9686     0.00   229    1    100.0   10 
 5/09/26  7:20p   25.2   25.3   25.1    68   18.8   0.0   SSE   0.00   3.2   SSE   25.2   26.1   26.1    ---   840.4  0.00   0.0     0     0.00      0     0.0  0.00   0.0   0.000   0.047   25.7    31    7.3   24.8   6.19  .9684     0.00   232    1    100.0   10 
 5/09/26  7:30p   25.0   25.1   24.9    68   18.7   0.0   SSE   0.00   4.8   SSE   25.0   25.9   25.9    ---   840.4  0.00   0.0     0     0.00      0     0.0  0.00   0.0   0.000   0.046   25.6    31    7.2   24.7   6.19  .9686     0.00   227    1     99.6   10 
 5/09/26  7:40p   24.8   24.9   24.7    69   18.7   0.0   SSW   0.00   3.2     S   24.8   25.7   25.7    ---   840.6  0.00   0.0     0     0.00      0     0.0  0.00   0.0   0.000   0.045   25.6    30    6.7   24.7   6.05  .9695     0.00   232    1    100.0   10 
 5/09/26  7:50p   24.7   24.7   24.6    69   18.6   1.6   SSW   0.27   9.7    SW   24.7   25.6   25.6    ---   840.7  0.00   0.0     0     0.00      0     0.0  0.00   0.0   0.000   0.044   25.6    30    6.7   24.7   6.05  .9696     0.00   226    1     99.1   10 
 5/09/26  8:00p   24.6   24.6   24.6    70   18.8   3.2    SW   0.54  12.9    SW   24.6   25.6   25.6    ---   840.8  0.00   0.0     0     0.00      0     0.0  0.00   0.0   0.000   0.044   25.6    30    6.7   24.7   6.05  .9696     0.00   235    1    100.0   10 
 5/09/26  8:10p   24.6   24.6   24.6    72   19.2   4.8    SW   0.80  12.9    SW   24.6   25.7   25.7    ---   840.9  0.00   0.0     0     0.00      0     0.0  0.00   0.0   0.000   0.043   25.6    30    6.7   24.7   6.05  .9698     0.00   230    1    100.0   10 
 5/09/26  8:20p   24.4   24.6   24.4    73   19.3   4.8    SW   0.80  16.1    SW   24.4   25.7   25.7    ---   840.9  0.00   0.0     0     0.00      0     0.0  0.00   0.0   0.000   0.042   25.6    31    7.2   24.7   6.19  .9694     0.00   232    1    100.0   10 
 5/09/26  8:30p   24.4   24.4   24.3    74   19.5   6.4    SW   1.07  16.1    SW   24.4   25.7   25.7    ---   841.2  0.00   0.0     0     0.00      0     0.0  0.00   0.0   0.000   0.042   25.6    31    7.2   24.7   6.19  .9698     0.00   232    1    100.0   10 
 5/09/26  8:40p   24.2   24.3   24.2    75   19.5   4.8   WSW   0.80  11.3    SW   24.2   25.5   25.5    ---   841.4  0.00   0.0     0     0.00      0     0.0  0.00   0.0   0.000   0.041   25.6    31    7.2   24.7   6.19  .9699     0.00   228    1    100.0   10 
 5/09/26  8:50p   24.1   24.2   24.1    77   19.8   3.2   WSW   0.54  11.3   WSW   24.1   25.4   25.4    ---   841.5  0.00   0.0     0     0.00      0     0.0  0.00   0.0   0.000   0.040   25.5    31    7.1   24.7   6.19  .9703     0.00   232    1    100.0   10 
 5/09/26  9:00p   23.9   24.1   23.9    78   19.9   4.8   WSW   0.80  16.1   WSW   23.9   25.3   25.3    ---   841.5  0.00   0.0     0     0.00      0     0.0  0.00   0.0   0.000   0.039   25.4    31    7.1   24.6   6.19  .9706     0.03   228    1    100.0   10 
 5/09/26  9:10p   23.8   23.9   23.7    78   19.7   1.6   WSW   0.27  11.3   WSW   23.8   25.1   25.1    ---   841.7  0.00   0.0     0     0.00      0     0.0  0.00   0.0   0.000   0.038   25.4    32    7.5   24.7   6.39  .9703     0.00   230    1    100.0   10 
 5/09/26  9:20p   23.6   23.7   23.5    78   19.5   1.6    SW   0.27   9.7   WSW   23.6   24.8   24.8    ---   841.8  0.00   0.0     0     0.00      0     0.0  0.00   0.0   0.000   0.037   25.4    31    7.1   24.6   6.19  .9709     0.00   229    1    100.0   10 
 5/09/26  9:30p   23.4   23.5   23.3    79   19.5   1.6   WSW   0.27  16.1   WSW   23.4   24.5   24.5    ---   842.0  0.00   0.0     0     0.00      0     0.0  0.00   0.0   0.000   0.035   25.4    33    8.0   24.7   6.55  .9704     0.00   229    1    100.0   10 
 5/09/26  9:40p   23.2   23.3   23.1    80   19.6   1.6   WNW   0.27   9.7   WNW   23.2   24.3   24.3    ---   842.2  0.00   0.0     0     0.00      0     0.0  0.00   0.0   0.000   0.034   25.4    32    7.5   24.7   6.39  .9710     0.00   232    1    100.0   10 
 5/09/26  9:50p   23.1   23.1   23.0    81   19.6   0.0    NW   0.00  12.9    NW   23.1   24.1   24.1    ---   842.3  0.00   0.0     0     0.00      0     0.0  0.00   0.0   0.000   0.033   25.3    32    7.4   24.6   6.40  .9715     0.00   226    1     99.1   10 
 5/09/26 10:00p   22.9   23.0   22.8    82   19.7   0.0   NNW   0.00   8.0    NW   22.9   24.0   24.0    ---   842.3  0.00   0.0     0     0.00      0     0.0  0.00   0.0   0.000   0.032   25.3    33    7.9   24.6   6.55  .9711     0.00   232    1    100.0   10 
 5/09/26 10:10p   22.8   22.8   22.8    82   19.5   0.0    NW   0.00   9.7    NW   22.8   23.8   23.8    ---   842.4  0.00   0.0     0     0.00      0     0.0  0.00   0.0   0.000   0.031   25.3    33    7.9   24.6   6.55  .9712     0.00   231    1    100.0   10 
 5/09/26 10:20p   22.7   22.8   22.7    83   19.7   1.6    NW   0.27   9.7   NNW   22.7   23.8   23.8    ---   842.3  0.00   0.0     0     0.00      0     0.0  0.00   0.0   0.000   0.030   25.3    33    7.9   24.6   6.55  .9712     0.00   229    1    100.0   10 
 5/09/26 10:30p   22.6   22.7   22.5    84   19.7   0.0   NNW   0.00   6.4   NNW   22.6   23.6   23.6    ---   842.4  0.00   0.0     0     0.00      0     0.0  0.00   0.0   0.000   0.029   25.3    33    7.9   24.6   6.55  .9713     0.00   232    1    100.0   10 
 5/09/26 10:40p   22.4   22.5   22.3    84   19.6   0.0   NNW   0.00   1.6   NNW   22.4   23.4   23.4    ---   842.5  0.00   0.0     0     0.00      0     0.0  0.00   0.0   0.000   0.028   25.3    33    7.8   24.6   6.55  .9716     0.00   227    1     99.6   10 
 5/09/26 10:50p   22.3   22.3   22.2    84   19.4   0.0   NNW   0.00   1.6   NNW   22.3   23.3   23.3    ---   842.5  0.00   0.0     0     0.00      0     0.0  0.00   0.0   0.000   0.027   25.3    34    8.3   24.6   6.70  .9713     0.00   233    1    100.0   10 
 5/09/26 11:00p   22.1   22.2   22.0    85   19.5   0.0   NNW   0.00   3.2   NNW   22.1   23.1   23.1    ---   842.5  0.00   0.0     0     0.00      0     0.0  0.00   0.0   0.000   0.026   25.3    32    7.4   24.6   6.40  .9720     0.00   228    1    100.0   10 
 5/09/26 11:10p   21.9   22.0   21.9    85   19.3   0.0     N   0.00   4.8     N   21.9   22.9   22.9    ---   842.6  0.00   0.0     0     0.00      0     0.0  0.00   0.0   0.000   0.025   25.3    33    7.8   24.6   6.55  .9717     0.00   230    1    100.0   10 
 5/09/26 11:20p   21.8   21.9   21.8    86   19.4   0.0     N   0.00   8.0    NW   21.8   22.9   22.9    ---   842.6  0.00   0.0     0     0.00      0     0.0  0.00   0.0   0.000   0.024   25.3    33    7.8   24.6   6.55  .9717     0.00   232    1    100.0   10 
 5/09/26 11:30p   21.7   21.8   21.7    86   19.3   0.0     N   0.00   3.2     N   21.7   22.8   22.8    ---   842.6  0.00   0.0     0     0.00      0     0.0  0.00   0.0   0.000   0.024   25.2    32    7.3   24.5   6.40  .9725     0.00   225    1     98.7   10 
 5/09/26 11:40p   21.6   21.7   21.5    86   19.1   0.0     N   0.00   1.6     N   21.6   22.6   22.6    ---   842.5  0.00   0.0     0     0.00      0     0.0  0.00   0.0   0.000   0.022   25.2    33    7.7   24.5   6.55  .9721     0.00   231    1    100.0   10 
 5/09/26 11:50p   21.4   21.5   21.3    86   19.0   0.0     N   0.00   8.0   NNW   21.4   22.4   22.4    ---   842.5  0.00   0.0     0     0.00      0     0.0  0.00   0.0   0.000   0.022   25.2    33    7.7   24.5   6.55  .9721     0.00   227    1     99.6   10 
 6/09/26 12:00a   21.3   21.3   21.3    86   18.9   1.6   NNW   0.27  12.9   NNW   21.3   22.3   22.3    ---   842.6  0.00   0.0     0     0.00      0     0.0  0.00   0.0   0.000   0.021   25.2    32    7.3   24.5   6.40  .9725     0.00   231    1    100.0   10 
 6/09/26 12:10a   21.3   21.3   21.3    86   18.9   0.0   ---   0.00   0.0   ---   21.3   22.3   22.3    ---   842.6  0.00   0.0     0     0.00      0     0.0  0.00   0.0   0.000   0.021   25.2    34    8.2   24.6   6.70  .9718     0.00   229    1    100.0   10 
 6/09/26 12:20a   21.3   21.3   21.2    87   19.0   0.0     N   0.00   3.2   NNW   21.3   22.3   22.3    ---   842.7  0.00   0.0     0     0.00      0     0.0  0.00   0.0   0.000   0.020   25.2    33    7.7   24.5   6.55  .9723     0.00   230    1    100.0   10 
 6/09/26 12:30a   21.2   21.3   21.2    87   19.0   0.0   ---   0.00   0.0   ---   21.2   22.2   22.2    ---   842.6  0.00   0.0     0     0.00      0     0.0  0.00   0.0   0.000   0.020   25.2    34    8.2   24.6   6.70  .9718     0.00   231    1    100.0   10 
 6/09/26 12:40a   21.1   21.2   21.1    87   18.9   0.0   ---   0.00   0.0   ---   21.1   22.1   22.1    ---   842.6  0.00   0.0     0     0.00      0     0.0  0.00   0.0   0.000   0.019   25.2    34    8.2   24.6   6.70  .9718     0.00   228    1    100.0   10 
 6/09/26 12:50a   21.0   21.1   20.9    88   18.9   0.0   ---   0.00   0.0   ---   21.0   22.0   22.0    ---   842.6  0.00   0.0     0     0.00      0     0.0  0.00   0.0   0.000   0.019   25.2    33    7.7   24.5   6.55  .9722     0.00   231    1    100.0   10 
 6/09/26  1:00a   20.8   20.9   20.8    88   18.8   0.0   ---   0.00   0.0   ---   20.8   21.9   21.9    ---   842.5  0.00   0.0     0     0.00      0     0.0  0.00   0.0   0.000   0.017   25.2    34    8.2   24.6   6.70  .9717     0.00   231    1    100.0   10 
 6/09/26  1:10a   20.7   20.8   20.7    88   18.7   0.0   ---   0.00   0.0   ---   20.7   21.8   21.8    ---   842.4  0.00   0.0     0     0.00      0     0.0  0.00   0.0   0.000   0.017   25.2    32    7.3   24.5   6.40  .9723     0.00   228    1    100.0   10 
 6/09/26  1:20a   20.6   20.7   20.6    89   18.7   0.0   ---   0.00   0.0   ---   20.6   21.7   21.7    ---   842.5  0.00   0.0     0     0.00      0     0.0  0.00   0.0   0.000   0.016   25.1    34    8.1   24.5   6.71  .9719     0.00   233    1    100.0   10 
 6/09/26  1:30a   20.5   20.6   20.5    89   18.6   0.0     N   0.00   1.6     N   20.5   21.6   21.6    ---   842.4  0.00   0.0     0     0.00      0     0.0  0.00   0.0   0.000   0.015   25.1    33    7.7   24.4   6.55  .9724     0.00   231    1    100.0   10 
 6/09/26  1:40a   20.6   20.6   20.5    89   18.7   0.0     N   0.00   3.2     N   20.6   21.7   21.7    ---   842.3  0.00   0.0     0     0.00      0     0.0  0.00   0.0   0.000   0.015   25.1    32    7.2   24.4   6.41  .9727     0.00   230    1    100.0   10 
 6/09/26  1:50a   20.5   20.6   20.5    89   18.6   1.6     N   0.27  11.3     N   20.5   21.6   21.6    ---   842.4  0.00   0.0     0     0.00      0     0.0  0.00   0.0   0.000   0.015   25.1    32    7.2   24.4   6.41  .9727     0.00   232    1    100.0   10 
 6/09/26  2:00a   20.5   20.6   20.4    89   18.6   3.2     N   0.54  17.7   NNW   20.5   21.6   21.6    ---   842.4  0.00   0.0     0     0.00      0     0.0  0.00   0.0   0.000   0.015   25.1    32    7.2   24.4   6.41  .9727     0.00   230    1    100.0   10 
 6/09/26  2:10a   20.6   20.6   20.5    89   18.7   1.6     N   0.27   9.7     N   20.6   21.7   21.7    ---   842.4  0.00   0.0     0     0.00      0     0.0  0.00   0.0   0.000   0.015   25.1    32    7.2   24.4   6.41  .9727     0.00   231    1    100.0   10 
 6/09/26  2:20a   20.6   20.6   20.6    89   18.7   1.6     N   0.27   9.7   NNW   20.6   21.7   21.7    ---   842.3  0.00   0.0     0     0.00      0     0.0  0.00   0.0   0.000   0.016   25.1    34    8.1   24.4   6.71  .9719     0.00   229    1    100.0   10 
 6/09/26  2:30a   20.6   20.6   20.5    89   18.7   1.6   NNW   0.27   8.0   NNW   20.6   21.7   21.7    ---   842.4  0.00   0.0     0     0.00      0     0.0  0.00   0.0   0.000   0.015   25.1    34    8.1   24.4   6.71  .9720     0.00   230    1    100.0   10 
 6/09/26  2:40a   20.6   20.6   20.5    89   18.7   0.0     N   0.00   9.7     N   20.6   21.7   21.7    ---   842.3  0.00   0.0     0     0.00      0     0.0  0.00   0.0   0.000   0.015   25.0    33    7.6   24.4   6.55  .9725     0.00   233    1    100.0   10 
 6/09/26  2:50a   20.6   20.6   20.5    89   18.7   0.0   NNE   0.00   4.8   NNE   20.6   21.7   21.7    ---   842.3  0.00   0.0     0     0.00      0     0.0  0.00   0.0   0.000   0.015   25.1    34    8.1   24.4   6.71  .9718     0.00   229    1    100.0   10 
 6/09/26  3:00a   20.6   20.6   20.6    89   18.7   1.6    NE   0.27   9.7   ENE   20.6   21.7   21.7    ---   842.2  0.00   0.0     0     0.00      0     0.0  0.00   0.0   0.000   0.015   25.1    32    7.2   24.4   6.41  .9725     0.00   233    1    100.0   10 
 6/09/26  3:10a   20.6   20.6   20.5    89   18.7   1.6    NE   0.27  11.3   ENE   20.6   21.7   21.7    ---   842.0  0.00   0.0     0     0.00      0     0.0  0.00   0.0   0.000   0.015   25.1    32    7.2   24.4   6.41  .9723     0.00   228    1    100.0   10 
 6/09/26  3:20a   20.6   20.6   20.6    89   18.7   1.6   ENE   0.27   8.0   ENE   20.6   21.7   21.7    ---   842.0  0.00   0.0     0     0.00      0     0.0  0.00   0.0   0.000   0.015   25.1    33    7.7   24.4   6.55  .9719     0.00   233    1    100.0   10 
 6/09/26  3:30a   20.6   20.6   20.6    89   18.7   3.2    NE   0.54  11.3   ENE   20.6   21.7   21.7    ---   841.9  0.00   0.0     0     0.00      0     0.0  0.00   0.0   0.000   0.015   25.1    32    7.2   24.4   6.41  .9722     0.00   230    1    100.0   10 
 6/09/26  3:40a   20.6   20.6   20.6    89   18.7   1.6   ENE   0.27   9.7   ENE   20.6   21.7   21.7    ---   841.9  0.00   0.0     0     0.00      0     0.0  0.00   0.0   0.000   0.015   25.1    32    7.2   24.4   6.41  .9722     0.00   230    1    100.0   10 
 6/09/26  3:50a   20.6   20.6   20.5    89   18.7   1.6     E   0.27   8.0     E   20.6   21.7   21.7    ---   841.8  0.00   0.0     0     0.00      0     0.0  0.00   0.0   0.000   0.015   25.1    32    7.2   24.4   6.41  .9720     0.00   231    1    100.0   10 
 6/09/26  4:00a   20.5   20.6   20.4    89   18.6   0.0     E   0.00   6.4     E   20.5   21.6   21.6    ---   841.9  0.00   0.0     0     0.00      0     0.0  0.00   0.0   0.000   0.015   25.1    34    8.1   24.4   6.71  .9714     0.00   229    1    100.0   10 
 6/09/26  4:10a   20.4   20.5   20.4    89   18.6   0.0     E   0.00   1.6   ENE   20.4   21.5   21.5    ---   841.8  0.00   0.0     0     0.00      0     0.0  0.00   0.0   0.000   0.015   25.1    33    7.7   24.4   6.55  .9717     0.00   229    1    100.0   10 
 6/09/26  4:20a   20.4   20.4   20.4    89   18.6   0.0     E   0.00   1.6     E   20.4   21.5   21.5    ---   841.8  0.00   0.0     0     0.00      0     0.0  0.00   0.0   0.000   0.015   25.1    33    7.7   24.4   6.55  .9717     0.00   231    1    100.0   10 
 6/09/26  4:30a   20.4   20.5   20.4    89   18.6   0.0     E   0.00   6.4     E   20.4   21.5   21.5    ---   841.8  0.00   0.0     0     0.00      0     0.0  0.00   0.0   0.000   0.015   25.1    33    7.7   24.4   6.55  .9717     0.00   229    1    100.0   10 
 6/09/26  4:40a   20.5   20.5   20.4    90   18.8   0.0   ---   0.00   0.0   ---   20.5   21.6   21.6    ---   841.9  0.00   0.0     0     0.00      0     0.0  0.00   0.0   0.000   0.015   25.1    32    7.2   24.4   6.41  .9721     0.00   233    1    100.0   10 
 6/09/26  4:50a   20.3   20.5   19.6    85   17.7   3.2     E   0.54  17.7     E   20.3   21.3   21.3    ---   842.9  0.00   0.0     0     0.00      0     0.0  0.00   0.0   0.000   0.014   25.1    37    9.3   24.6   7.21  .9714     0.00   228    1    100.0   10 
 6/09/26  5:00a   18.9   19.5   18.4    85   16.4   6.4    SE   1.07  27.4   ESE   18.9   19.5   19.5    ---   843.6  2.54  58.2     0     0.00      0     0.0  0.00   0.0   0.000   0.004   24.9    35    8.4   24.3   6.91  .9737     0.00   232    1    100.0   10 
 6/09/26  5:10a   17.8   18.4   17.2    88   15.8   4.8     E   0.80  20.9     E   17.8   18.2   18.2    ---   843.8 12.95 215.1     0     0.00      0     0.0  0.00   0.0   0.004   0.000   24.7    39    9.8   24.2   7.52  .9734     0.00   229    1    100.0   10 
 6/09/26  5:20a   16.8   17.2   16.4    90   15.1   1.6     S   0.27  16.1   ENE   16.8   17.1   17.1    ---   843.5  8.38  74.2     0     0.00      0     0.0  0.00   0.0   0.011   0.000   24.4    38    9.2   23.9   7.33  .9743     0.00   229    1    100.0   10 
 6/09/26  5:30a   16.3   16.4   16.1    91   14.8   0.0     S   0.00   6.4     S   16.3   16.6   16.6    ---   843.2  3.81  63.0     0     0.00      0     0.0  0.00   0.0   0.014   0.000   24.2    37    8.6   23.6   7.24  .9753     0.00   232    1    100.0   10 
 6/09/26  5:40a   16.0   16.1   15.9    91   14.5   1.6     W   0.27   8.0   WSW   16.0   16.2   16.2    ---   842.8  0.51   7.6     0     0.00      0     0.0  0.00   0.0   0.016   0.000   24.1    37    8.5   23.5   7.24  .9753     0.00   228    1    100.0   10 
 6/09/26  5:50a   15.9   15.9   15.8    92   14.6   0.0   WNW   0.00   6.4     W   15.9   16.1   16.1    ---   842.8  0.25   2.5     0     0.00      0     0.0  0.00   0.0   0.017   0.000   24.1    36    8.1   23.5   7.04  .9756     0.00   232    1    100.0   10 
 6/09/26  6:00a   15.8   15.9   15.7    92   14.5   1.6   WNW   0.27   9.7   WNW   15.8   16.0   16.0    ---   842.7  0.00   0.0     0     0.00      0     0.0  0.00   0.0   0.018   0.000   24.2    35    7.7   23.5   6.94  .9755     0.00   232    1    100.0   10 
 6/09/26  6:10a   15.8   15.8   15.8    93   14.7   1.6     W   0.27  11.3   WNW   15.8   16.1   16.1    ---   842.3  0.00   0.0     0     0.00      0     0.0  0.00   0.0   0.017   0.000   24.3    34    7.4   23.6   6.74  .9750     0.00   228    1    100.0   10 
 6/09/26  6:20a   15.9   15.9   15.8    93   14.8   1.6   WNW   0.27  11.3   WNW   15.9   16.1   16.1    ---   842.2  0.00   0.0     0     0.00      0     0.0  0.00   0.0   0.017   0.000   24.3    36    8.3   23.7   7.03  .9739     0.00   232    1    100.0   10 
 6/09/26  6:30a   15.9   15.9   15.9    93   14.8   1.6   WNW   0.27   9.7   WNW   15.9   16.2   16.2    ---   842.2  0.00   0.0     0     0.00      0     0.0  0.00   0.0   0.017   0.000   24.3    35    7.8   23.6   6.94  .9746     0.00   230    1    100.0   10 
 6/09/26  6:40a   15.9   15.9   15.9    93   14.8   0.0     W   0.00   1.6     W   15.9   16.1   16.1    ---   842.3  0.00   0.0     9     0.13     16     0.0  0.00   0.0   0.017   0.000   24.2    34    7.4   23.5   6.74  .9752     0.00   231    1    100.0   10 
 6/09/26  6:50a   15.9   15.9   15.8    94   14.9   0.0   ---   0.00   0.0   ---   15.9   16.1   16.1    ---   842.5  0.00   0.0     1     0.01      7     0.0  0.00   0.0   0.017   0.000   24.2    34    7.4   23.5   6.74  .9755     0.00   232    1    100.0   10 
 6/09/26  7:00a   16.0   16.1   15.9    94   15.0   0.0     W   0.00   4.8     W   16.0   16.3   16.3    ---   842.7  0.00   0.0     0     0.00      0     0.0  0.00   0.0   0.016   0.000   24.3    34    7.5   23.6   6.73  .9753     0.00   226    1     99.1   10 
 6/09/26  7:10a   16.1   16.1   16.1    94   15.1   0.0   ---   0.00   0.0   ---   16.1   16.3   16.3    ---   842.5  0.00   0.0     1     0.01      5     0.0  0.00   0.0   0.016   0.000   24.4    34    7.5   23.7   6.73  .9748     0.00   231    1    100.0   10 
 6/09/26  7:20a   16.1   16.1   16.1    94   15.1   0.0   ---   0.00   0.0   ---   16.1   16.3   16.3    ---   842.7  0.00   0.0     6     0.09      7     0.0  0.00   0.0   0.016   0.000   24.4    34    7.6   23.7   6.73  .9749     0.00   232    1    100.0   10 
 6/09/26  7:30a   16.1   16.1   16.1    94   15.1   0.0   ---   0.00   0.0   ---   16.1   16.3   16.3    ---   843.0  0.00   0.0     8     0.11      9     0.0  0.00   0.0   0.016   0.000   24.4    34    7.6   23.7   6.73  .9751     0.00   228    1    100.0   10 
 6/09/26  7:40a   16.1   16.1   16.1    94   15.1   0.0   ---   0.00   0.0   ---   16.1   16.4   16.4    ---   843.3  0.00   0.0    11     0.16     12     0.0  0.00   0.0   0.015   0.000   24.4    34    7.6   23.7   6.73  .9755     0.00   233    1    100.0   10 
 6/09/26  7:50a   16.2   16.3   16.1    94   15.3   0.0    SW   0.00   6.4    SW   16.2   16.5   16.5    ---   843.5  0.00   0.0    15     0.22     18     0.0  0.00   0.0   0.015   0.000   24.4    34    7.6   23.7   6.73  .9757     0.00   230    1    100.0   10 
 6/09/26  8:00a   16.2   16.3   16.2    94   15.3   0.0   ---   0.00   0.0   ---   16.2   16.5   16.5    ---   843.6  0.00   0.0    20     0.29     21     0.0  0.00   0.0   0.015   0.000   24.4    34    7.5   23.7   6.73  .9761     0.00   230    1    100.0   10 
 6/09/26  8:10a   16.3   16.3   16.2    94   15.3   0.0   ---   0.00   0.0   ---   16.3   16.6   16.6    ---   843.7  0.00   0.0    26     0.37     30     0.0  0.00   0.0   0.014   0.000   24.3    34    7.5   23.6   6.73  .9764     0.00   232    1    100.0   10 
 6/09/26  8:20a   16.3   16.3   16.3    94   15.4   0.0   ---   0.00   0.0   ---   16.3   16.7   16.7    ---   843.7  0.00   0.0    36     0.52     40     0.0  0.00   0.0   0.014   0.000   24.4    34    7.6   23.7   6.73  .9760     0.00   229    1    100.0   10 
 6/09/26  8:30a   16.3   16.3   16.3    95   15.5   0.0   ---   0.00   0.0   ---   16.3   16.7   16.7    ---   843.7  0.00   0.0    47     0.67     53     0.0  0.00   0.0   0.014   0.000   24.4    34    7.6   23.7   6.73  .9760     0.00   233    1    100.0   10 
 6/09/26  8:40a   16.4   16.5   16.3    95   15.6   0.0   ---   0.00   0.0   ---   16.4   16.8   16.8    ---   843.8  0.00   0.0    59     0.85     67     1.8  0.13   2.8   0.013   0.000   24.4    34    7.6   23.7   6.73  .9760     0.00   231    1    100.0   10 
 6/09/26  8:50a   16.6   16.7   16.5    95   15.8   0.0   ---   0.00   0.0   ---   16.6   16.9   16.9    ---   843.8  0.00   0.0    78     1.12     88     2.6  0.19   3.0   0.012   0.000   24.4    34    7.6   23.7   6.73  .9760     0.00   229    1    100.0   10 
 6/09/26  9:00a   16.7   16.8   16.7    95   15.9   0.0   ---   0.00   0.0   ---   16.7   17.1   17.1    ---   843.8  0.00   0.0    97     1.39    102     2.7  0.19   3.1   0.011   0.000   24.5    33    7.2   23.8   6.55  .9762     0.03   234    1    100.0   10 
 6/09/26  9:10a   16.9   16.9   16.8    95   16.1   0.0   ---   0.00   0.0   ---   16.9   17.3   17.3    ---   843.9  0.00   0.0   113     1.62    125     2.7  0.19   3.0   0.010   0.000   24.6    34    7.7   23.9   6.72  .9755     0.00   230    1    100.0   10 
 6/09/26  9:20a   16.9   16.9   16.8    95   16.1   0.0   ---   0.00   0.0   ---   16.9   17.3   17.3    ---   843.9  0.00   0.0   140     2.01    155     2.8  0.20   3.1   0.010   0.000   24.7    34    7.8   24.1   6.72  .9751     0.00   230    1    100.0   10 
 6/09/26  9:30a   16.9   16.9   16.9    94   16.0   0.0   ---   0.00   0.0   ---   16.9   17.3   17.3    ---   843.8  0.00   0.0   175     2.51    192     3.3  0.24   3.9   0.010   0.000   24.8    33    7.4   24.1   6.55  .9751     0.00   231    1    100.0   10 
 6/09/26  9:40a   17.0   17.2   16.9    95   16.2   0.0   ---   0.00   0.0   ---   17.0   17.4   17.4    ---   843.9  0.00   0.0   206     2.95    213     3.6  0.26   4.1   0.009   0.000   24.9    34    8.0   24.3   6.71  .9742     0.00   227    1     99.6   10 
 6/09/26  9:50a   17.3   17.4   17.2    95   16.5   0.0   ---   0.00   0.0   ---   17.3   17.8   17.8    ---   843.9  0.00   0.0   222     3.18    232     3.5  0.25   4.0   0.007   0.000   25.1    35    8.6   24.5   6.91  .9732     0.00   233    1    100.0   10 
 6/09/26 10:00a   17.7   17.9   17.4    95   16.9   0.0   ---   0.00   0.0   ---   17.7   18.3   18.3    ---   844.0  0.00   0.0   266     3.81    290     3.7  0.26   4.2   0.004   0.000   25.3    34    8.3   24.6   6.70  .9730     0.10   231    1    100.0   10 
 6/09/26 10:10a   17.9   18.1   17.9    95   17.1   0.0   ---   0.00   0.0   ---   17.9   18.6   18.6    ---   844.0  0.00   0.0   319     4.57    341     3.7  0.26   4.1   0.003   0.000   25.4    34    8.4   24.7   6.69  .9723     0.00   231    1    100.0   10 
 6/09/26 10:20a   18.1   18.2   18.0    94   17.1   0.0   ---   0.00   0.0   ---   18.1   18.7   18.7    ---   843.9  0.00   0.0   337     4.83    406     3.8  0.27   4.3   0.002   0.000   25.6    33    8.1   24.8   6.55  .9719     0.00   233    1    100.0   10 
 6/09/26 10:30a   18.2   18.3   18.1    95   17.4   0.0   ---   0.00   0.0   ---   18.2   18.9   18.9    ---   843.9  0.00   0.0   464     6.65    489     4.4  0.31   4.7   0.001   0.000   25.9    33    8.4   25.1   6.55  .9708     0.00   227    1     99.6   10 
 6/09/26 10:40a   18.4   18.6   18.3    94   17.5   0.0    NE   0.00   3.2    NE   18.4   19.1   19.1    ---   843.9  0.00   0.0   527     7.55    615     4.7  0.34   5.2   0.000   0.001   26.1    31    7.7   25.2   6.17  .9707     0.00   233    1    100.0   10 
 6/09/26 10:50a   18.6   18.7   18.6    93   17.5   0.0     E   0.00   3.2   ENE   18.6   19.3   19.3    ---   843.9  0.00   0.0   454     6.51    650     4.5  0.32   5.2   0.000   0.002   26.3    33    8.8   25.5   6.55  .9690     0.00   228    1    100.0   10 
 6/09/26 11:00a   18.9   19.2   18.7    91   17.4   0.0   SSE   0.00   3.2     E   18.9   19.7   19.7    ---   843.9  0.00   0.0   460     6.59    744     4.9  0.35   6.0   0.000   0.004   26.4    33    8.9   25.6   6.55  .9686     0.25   233    1    100.0   10 
 6/09/26 11:10a   19.8   20.4   19.3    89   17.9   0.0    SE   0.00   1.6     S   19.8   20.7   20.7    ---   843.9  0.00   0.0   572     8.20    846     5.3  0.38   6.6   0.000   0.010   26.6    31    8.1   25.6   6.15  .9687     0.00   232    1    100.0   10 
 6/09/26 11:20a   20.9   21.3   20.4    84   18.1   1.6   SSE   0.27   8.0   SSE   20.9   21.7   21.7    ---   843.8  0.00   0.0   843    12.08    886     6.5  0.46   7.3   0.000   0.018   26.8    32    8.7   25.8   6.35  .9675     0.00   229    1    100.0   10 
 6/09/26 11:30a   21.9   22.5   21.3    80   18.3   0.0   SSE   0.00   4.8   SSE   21.9   22.7   22.7    ---   843.8  0.00   0.0   903    12.94    946     6.9  0.49   7.5   0.000   0.025   27.0    30    7.9   25.9   6.05  .9674     0.00   232    1    100.0   10 
 6/09/26 11:40a   23.0   23.4   22.6    76   18.5   0.0   SSE   0.00   6.4   SSE   23.0   23.9   23.9    ---   843.8  0.00   0.0   772    11.07    944     6.6  0.47   7.6   0.000   0.032   27.1    31    8.5   26.0   6.15  .9668     0.00   228    1    100.0   10 
 6/09/26 11:50a   23.8   24.1   23.5    72   18.5   1.6   SSE   0.27   6.4     S   23.8   24.8   24.8    ---   843.8  0.00   0.0   769    11.02    925     6.8  0.49   7.3   0.000   0.038   27.1    30    8.0   25.9   6.05  .9672     0.00   232    1    100.0   10 
 6/09/26 12:00p   24.3   24.6   24.1    69   18.3   0.0   SSE   0.00   4.8   SSE   24.3   25.3   25.3    ---   843.7  0.00   0.0   711    10.19    809     6.2  0.44   6.6   0.000   0.042   27.1    30    8.0   25.9   6.05  .9671     0.46   228    1    100.0   10 
 6/09/26 12:10p   24.8   24.9   24.6    66   18.0   0.0   WSW   0.00   3.2   WSW   24.8   25.6   25.6    ---   843.5  0.00   0.0   689     9.88    749     6.3  0.45   6.6   0.000   0.045   26.9    31    8.4   25.9   6.15  .9669     0.00   232    1    100.0   10 
 6/09/26 12:20p   24.8   24.9   24.7    68   18.5   1.6    SE   0.27   8.0    SW   24.8   25.7   25.7    ---   843.2  0.00   0.0   740    10.61    758     6.7  0.48   7.1   0.000   0.045   26.9    31    8.4   25.9   6.15  .9666     0.00   232    1    100.0   10 
 6/09/26 12:30p   24.9   25.2   24.7    67   18.4   0.0    SE   0.00   8.0    SE   24.9   25.8   25.8    ---   842.9  0.00   0.0   810    11.61    863     7.1  0.51   7.6   0.000   0.046   26.9    31    8.4   25.9   6.15  .9663     0.00   227    1     99.6   10 
 6/09/26 12:40p   25.4   25.6   25.2    66   18.6   0.0   SSE   0.00   4.8    SE   25.4   26.3   26.3    ---   842.8  0.00   0.0   944    13.53   1013     7.8  0.56   8.3   0.000   0.049   26.9    30    7.9   25.8   6.05  .9665     0.00   232    1    100.0   10 
 6/09/26 12:50p   25.9   26.1   25.6    64   18.6   0.0    SW   0.00   6.4   SSW   25.9   26.8   26.8    ---   842.6  0.00   0.0  1036    14.85   1053     8.3  0.59   8.7   0.000   0.053   27.1    31    8.5   26.1   6.15  .9652     0.00   230    1    100.0   10 
 6/09/26  1:00p   26.1   26.1   26.1    62   18.3   1.6    SW   0.27   6.4    SW   26.1   26.8   26.8    ---   842.3  0.00   0.0  1055    15.12   1065     8.3  0.59   8.8   0.000   0.054   27.2    32    9.1   26.2   6.33  .9640     0.58   231    1    100.0   10 
 6/09/26  1:10p   26.1   26.3   25.9    63   18.5   1.6   NNW   0.27   9.7   NNW   26.1   26.8   26.8    ---   842.3  0.00   0.0  1033    14.81   1053     8.2  0.59   8.5   0.000   0.054   27.4    31    8.8   26.3   6.15  .9637     0.00   230    1    100.0   10 
 6/09/26  1:20p   26.7   26.9   26.3    62   18.8   1.6   NNW   0.27  11.3   NNW   26.7   27.6   27.6    ---   842.1  0.00   0.0   800    11.47   1002     7.0  0.50   8.1   0.000   0.058   27.4    31    8.8   26.3   6.15  .9635     0.00   227    1     99.6   10 
 6/09/26  1:30p   27.1   27.2   26.9    62   19.1   1.6     N   0.27   6.4     N   27.1   28.1   28.1    ---   842.0  0.00   0.0   755    10.82    840     7.2  0.51   7.6   0.000   0.061   27.3    31    8.7   26.3   6.15  .9636     0.00   232    1    100.0   10 
 6/09/26  1:40p   27.3   27.3   27.2    60   18.8   0.0   NNE   0.00   6.4   NNE   27.3   28.2   28.2    ---   841.9  0.00   0.0   320     4.59    529     7.6  0.54   8.0   0.000   0.062   27.4    31    8.8   26.3   6.15  .9633     0.00   231    1    100.0   10 
 6/09/26  1:50p   27.3   27.6   27.2    59   18.6   1.6   NNW   0.27   9.7   NNW   27.3   28.2   28.2    ---   841.7  0.00   0.0   205     2.94    216     7.1  0.51   7.4   0.000   0.062   27.5    30    8.4   26.4   6.05  .9630     0.00   229    1    100.0   10 
 6/09/26  2:00p   27.8   28.1   27.6    57   18.5   1.6   NNW   0.27   6.4   NNW   27.8   28.8   28.8    ---   841.4  0.00   0.0   182     2.61    193     7.0  0.50   7.3   0.000   0.066   27.5    29    7.9   26.3   5.85  .9631     0.38   232    1    100.0   10 
 6/09/26  2:10p   28.4   28.7   28.1    54   18.2   1.6   NNW   0.27   6.4   NNW   28.4   29.5   29.5    ---   841.1  0.00   0.0   235     3.37    373     6.7  0.48   7.2   0.000   0.070   27.4    30    8.3   26.3   6.05  .9628     0.00   224    1     98.2   10 
 6/09/26  2:20p   28.9   29.1   28.7    54   18.6   1.6   NNW   0.27   4.8   NNW   28.9   30.2   30.2    ---   841.0  0.00   0.0   653     9.36    810     6.3  0.45   6.7   0.000   0.073   27.4    30    8.3   26.3   6.05  .9627     0.00   231    1    100.0   10 
 6/09/26  2:30p   29.3   29.4   29.1    53   18.7   1.6   NNW   0.27   8.0   NNW   29.3   30.6   30.6    ---   840.8  0.00   0.0   829    11.88    851     6.0  0.43   6.4   0.000   0.076   27.4    30    8.3   26.3   6.05  .9624     0.00   230    1    100.0   10 
 6/09/26  2:40p   29.1   29.3   28.9    54   18.8   1.6   ENE   0.27   8.0   ENE   29.1   30.4   30.4    ---   840.5  0.00   0.0   833    11.94    858     5.6  0.40   6.2   0.000   0.074   27.4    31    8.8   26.3   6.15  .9617     0.00   231    1    100.0   10 
 6/09/26  2:50p   28.9   29.1   28.8    54   18.6   1.6    NE   0.27   8.0   NNE   28.9   30.2   30.2    ---   840.5  0.00   0.0   788    11.30    809     5.2  0.37   5.7   0.000   0.073   27.4    30    8.3   26.3   6.05  .9621     0.00   230    1    100.0   10 
 6/09/26  3:00p   29.4   29.7   29.2    51   18.2   1.6   ENE   0.27   6.4   ENE   29.4   30.6   30.6    ---   840.4  0.00   0.0   795    11.40    803     5.1  0.36   5.5   0.000   0.077   27.3    30    8.2   26.2   6.05  .9622     0.46   228    1    100.0   10 
 6/09/26  3:10p   29.8   29.9   29.7    47   17.3   1.6    NE   0.27   8.0    NE   29.8   30.6   30.6    ---   840.3  0.00   0.0   751    10.77    777     4.4  0.31   5.1   0.000   0.079   27.3    30    8.2   26.2   6.05  .9621     0.00   230    1    100.0   10 
 6/09/26  3:20p   29.8   29.9   29.8    49   18.0   0.0     N   0.00   3.2     N   29.8   30.9   30.9    ---   840.3  0.00   0.0   712    10.21    729     3.0  0.21   3.3   0.000   0.080   27.4    30    8.3   26.3   6.05  .9619     0.00   232    1    100.0   10 
 6/09/26  3:30p   29.9   30.0   29.9    49   18.1   1.6     N   0.27   6.4     N   29.9   31.0   31.0    ---   840.2  0.00   0.0   519     7.44    701     2.8  0.20   3.2   0.000   0.081   27.3    29    7.7   26.2   5.85  .9624     0.00   229    1    100.0   10 
 6/09/26  3:40p   29.7   29.9   29.6    49   17.8   0.0     N   0.00   4.8     N   29.7   30.7   30.7    ---   840.0  0.00   0.0   465     6.67    686     2.6  0.19   3.0   0.000   0.079   27.2    29    7.6   26.1   5.85  .9626     0.00   231    1    100.0   10 
 6/09/26  3:50p   29.6   29.6   29.5    49   17.7   1.6   NNE   0.27   6.4   NNE   29.6   30.5   30.5    ---   840.0  0.00   0.0   153     2.19    515     2.3  0.16   2.7   0.000   0.078   27.2    29    7.6   26.0   5.85  .9628     0.00   228    1    100.0   10 
 6/09/26  4:00p   29.3   29.5   29.1    48   17.1   0.0   NNE   0.00   6.4   NNE   29.3   30.1   30.1    ---   839.8  0.00   0.0   105     1.51    120     2.0  0.14   2.4   0.000   0.076   27.0    29    7.4   25.8   5.85  .9632     0.33   233    1    100.0   10 
 6/09/26  4:10p   29.0   29.1   29.0    49   17.2   0.0   SSE   0.00   3.2    SE   29.0   29.9   29.9    ---   839.6  0.00   0.0   145     2.08    158     2.3  0.16   2.7   0.000   0.074   26.8    28    6.8   25.6   5.74  .9640     0.00   229    1    100.0   10 
 6/09/26  4:20p   29.1   29.2   29.1    47   16.6   0.0   ---   0.00   0.0   ---   29.1   29.9   29.9    ---   839.6  0.00   0.0   116     1.66    135     1.9  0.14   2.4   0.000   0.075   26.8    29    7.3   25.7   5.85  .9636     0.00   228    1    100.0   10 
 6/09/26  4:30p   28.9   29.1   28.6    50   17.5   0.0   SSE   0.00   6.4   SSE   28.9   29.9   29.9    ---   839.5  0.00   0.0   122     1.75    134     1.8  0.13   2.1   0.000   0.074   26.7    29    7.2   25.6   5.85  .9640     0.00   232    1    100.0   10 
 6/09/26  4:40p   28.3   28.6   28.1    52   17.5   1.6    SW   0.27  11.3   WSW   28.3   29.1   29.1    ---   839.5  0.00   0.0   117     1.68    135     1.5  0.11   1.9   0.000   0.069   26.7    29    7.2   25.6   5.85  .9639     0.00   229    1    100.0   10 
 6/09/26  4:50p   27.8   28.1   27.5    52   17.0   1.6   SSW   0.27   9.7   WSW   27.8   28.3   28.3    ---   839.6  0.00   0.0    66     0.95     81     1.0  0.07   1.7   0.000   0.066   26.6    30    7.6   25.5   6.05  .9641     0.00   230    1    100.0   10 
 6/09/26  5:00p   27.3   27.5   27.1    57   18.0   3.2    SW   0.54  11.3     W   27.3   28.0   28.0    ---   840.0  0.00   0.0    27     0.39     42     0.0  0.00   0.0   0.000   0.062   26.5    31    8.0   25.5   6.16  .9646     0.08   231    1    100.0   10 
 6/09/26  5:15p    ---    ---    ---   ---    ---   0.0   ---   0.00   0.0   ---    ---    ---    ---    ---  ------  0.00   0.0   ---      ---    ---     ---   ---   ---     ---     ---    ---   ---    ---    ---    ---    ---     0.00     0    1      0.0   10 
 6/09/26  5:20p    ---    ---    ---   ---    ---   0.0   ---   0.00   0.0   ---    ---    ---    ---    ---   840.6  0.00   0.0   ---      ---    ---     ---   ---   ---     ---     ---   25.5    39   10.5   24.9   7.49  .9662     0.00     0    1      0.0   10 
 6/09/26  5:30p    ---    ---    ---   ---    ---   0.0   ---   0.00   0.0   ---    ---    ---    ---    ---   840.5  0.00   0.0   ---      ---    ---     ---   ---   ---     ---     ---   25.2    41   11.0   24.7   7.75  .9667     0.00     0    1      0.0   10 
 6/09/26  5:40p    ---    ---    ---   ---    ---   0.0   ---   0.00   0.0   ---    ---    ---    ---    ---   840.3  0.00   0.0   ---      ---    ---     ---   ---   ---     ---     ---   24.3    42   10.6   23.9   7.93  .9696     0.00     0    1      0.0   10 
 6/09/26  5:50p    ---    ---    ---   ---    ---   0.0   ---   0.00   0.0   ---    ---    ---    ---    ---   840.6  0.00   0.0   ---      ---    ---     ---   ---   ---     ---     ---   24.1    41   10.0   23.7   7.75  .9715     0.00     0    1      0.0   10 
 6/09/26  6:00p    ---    ---    ---   ---    ---   0.0   ---   0.00   0.0   ---    ---    ---    ---    ---   840.7  0.00   0.0   ---      ---    ---     ---   ---   ---     ---     ---   24.1    40    9.6   23.6   7.64  .9719     0.00     0    1      0.0   10 
 6/09/26  6:10p    ---    ---    ---   ---    ---   0.0   ---   0.00   0.0   ---    ---    ---    ---    ---   841.1  0.00   0.0   ---      ---    ---     ---   ---   ---     ---     ---   24.0    37    8.4   23.4   7.25  .9736     0.00     0    1      0.0   10 
 6/09/26  6:20p    ---    ---    ---   ---    ---   0.0   ---   0.00   0.0   ---    ---    ---    ---    ---   841.1  0.00   0.0   ---      ---    ---     ---   ---   ---     ---     ---   24.1    37    8.5   23.4   7.24  .9735     0.00     0    1      0.0   10 
 6/09/26  6:30p    ---    ---    ---   ---    ---   0.0   ---   0.00   0.0   ---    ---    ---    ---    ---   841.4  0.00   0.0   ---      ---    ---     ---   ---   ---     ---     ---   24.1    36    8.1   23.5   7.04  .9739     0.00     0    1      0.0   10 
 6/09/26  6:40p    ---    ---    ---   ---    ---   0.0   ---   0.00   0.0   ---    ---    ---    ---    ---   841.5  0.00   0.0   ---      ---    ---     ---   ---   ---     ---     ---   24.2    35    7.7   23.5   6.94  .9741     0.00     0    1      0.0   10 
 6/09/26  6:50p    ---    ---    ---   ---    ---   0.0   ---   0.00   0.0   ---    ---    ---    ---    ---   841.4  0.00   0.0   ---      ---    ---     ---   ---   ---     ---     ---   24.2    38    9.0   23.7   7.34  .9727     0.00     0    1      0.0   10 
 6/09/26  7:00p    ---    ---    ---   ---    ---   0.0   ---   0.00   0.0   ---    ---    ---    ---    ---   841.4  0.00   0.0   ---      ---    ---     ---   ---   ---     ---     ---   24.1    37    8.5   23.4   7.24  .9737     0.00     0    1      0.0   10 
 6/09/26  7:10p    ---    ---    ---   ---    ---   0.0   ---   0.00   0.0   ---    ---    ---    ---    ---   841.4  0.00   0.0   ---      ---    ---     ---   ---   ---     ---     ---   23.9    36    8.0   23.3   7.05  .9745     0.00     0    1      0.0   10 
 6/09/26  7:20p    ---    ---    ---   ---    ---   0.0   ---   0.00   0.0   ---    ---    ---    ---    ---   841.3  0.00   0.0   ---      ---    ---     ---   ---   ---     ---     ---   23.9    36    7.9   23.3   7.05  .9747     0.00     0    1      0.0   10 
 6/09/26  7:30p    ---    ---    ---   ---    ---   0.0   ---   0.00   0.0   ---    ---    ---    ---    ---   841.4  0.00   0.0   ---      ---    ---     ---   ---   ---     ---     ---   23.9    39    9.1   23.4   7.55  .9735     0.00     0    1      0.0   10 
 6/09/26  7:40p    ---    ---    ---   ---    ---   0.0   ---   0.00   0.0   ---    ---    ---    ---    ---   841.3  0.00   0.0   ---      ---    ---     ---   ---   ---     ---     ---   23.8    40    9.4   23.4   7.65  .9735     0.00     0    1      0.0   10 
 6/09/26  7:50p    ---    ---    ---   ---    ---   0.0   ---   0.00   0.0   ---    ---    ---    ---    ---   841.3  0.00   0.0   ---      ---    ---     ---   ---   ---     ---     ---   23.8    38    8.7   23.3   7.35  .9742     0.00     0    1      0.0   10 
 6/09/26  8:00p    ---    ---    ---   ---    ---   0.0   ---   0.00   0.0   ---    ---    ---    ---    ---   841.5  0.00   0.0   ---      ---    ---     ---   ---   ---     ---     ---   23.8    38    8.6   23.2   7.36  .9746     0.00     0    1      0.0   10 
 6/09/26  8:10p    ---    ---    ---   ---    ---   0.0   ---   0.00   0.0   ---    ---    ---    ---    ---   841.8  0.00   0.0   ---      ---    ---     ---   ---   ---     ---     ---   23.8    36    7.8   23.2   7.06  .9757     0.00     0    1      0.0   10 
 6/09/26  8:20p    ---    ---    ---   ---    ---   0.0   ---   0.00   0.0   ---    ---    ---    ---    ---   841.9  0.00   0.0   ---      ---    ---     ---   ---   ---     ---     ---   23.8    39    9.0   23.3   7.55  .9745     0.00     0    1      0.0   10 
 6/09/26  8:30p    ---    ---    ---   ---    ---   0.0   ---   0.00   0.0   ---    ---    ---    ---    ---   841.8  0.00   0.0   ---      ---    ---     ---   ---   ---     ---     ---   23.8    37    8.2   23.2   7.25  .9754     0.00     0    1      0.0   10 
 6/09/26  8:40p    ---    ---    ---   ---    ---   0.0   ---   0.00   0.0   ---    ---    ---    ---    ---   841.8  0.00   0.0   ---      ---    ---     ---   ---   ---     ---     ---   23.8    37    8.3   23.2   7.25  .9752     0.00     0    1      0.0   10 
 6/09/26  8:50p    ---    ---    ---   ---    ---   0.0   ---   0.00   0.0   ---    ---    ---    ---    ---   842.0  0.00   0.0   ---      ---    ---     ---   ---   ---     ---     ---   23.7    36    7.8   23.1   7.06  .9762     0.00     0    1      0.0   10 
 6/09/26  9:00p    ---    ---    ---   ---    ---   0.0   ---   0.00   0.0   ---    ---    ---    ---    ---   842.0  0.00   0.0   ---      ---    ---     ---   ---   ---     ---     ---   23.7    38    8.6   23.2   7.36  .9755     0.00     0    1      0.0   10 
 6/09/26  9:10p    ---    ---    ---   ---    ---   0.0   ---   0.00   0.0   ---    ---    ---    ---    ---   842.1  0.00   0.0   ---      ---    ---     ---   ---   ---     ---     ---   23.7    38    8.6   23.2   7.36  .9757     0.00     0    1      0.0   10 
 6/09/26  9:20p    ---    ---    ---   ---    ---   0.0   ---   0.00   0.0   ---    ---    ---    ---    ---   842.3  0.00   0.0   ---      ---    ---     ---   ---   ---     ---     ---   23.6    36    7.7   22.9   7.07  .9770     0.00     0    1      0.0   10 
 6/09/26  9:30p    ---    ---    ---   ---    ---   0.0   ---   0.00   0.0   ---    ---    ---    ---    ---   842.4  0.00   0.0   ---      ---    ---     ---   ---   ---     ---     ---   23.7    38    8.6   23.2   7.36  .9760     0.00     0    1      0.0   10 
 6/09/26  9:40p    ---    ---    ---   ---    ---   0.0   ---   0.00   0.0   ---    ---    ---    ---    ---   842.5  0.00   0.0   ---      ---    ---     ---   ---   ---     ---     ---   23.6    37    8.1   23.0   7.26  .9769     0.00     0    1      0.0   10 
 6/09/26  9:50p    ---    ---    ---   ---    ---   0.0   ---   0.00   0.0   ---    ---    ---    ---    ---   842.5  0.00   0.0   ---      ---    ---     ---   ---   ---     ---     ---   23.6    37    8.1   23.0   7.26  .9769     0.00     0    1      0.0   10 
 6/09/26 10:00p    ---    ---    ---   ---    ---   0.0   ---   0.00   0.0   ---    ---    ---    ---    ---   842.5  0.00   0.0   ---      ---    ---     ---   ---   ---     ---     ---   23.7    36    7.7   23.0   7.07  .9770     0.00     0    1      0.0   10 
 6/09/26 10:10p    ---    ---    ---   ---    ---   0.0   ---   0.00   0.0   ---    ---    ---    ---    ---   842.7  0.00   0.0   ---      ---    ---     ---   ---   ---     ---     ---   23.6    35    7.2   22.9   6.96  .9778     0.00     0    1      0.0   10 
 6/09/26 10:20p    ---    ---    ---   ---    ---   0.0   ---   0.00   0.0   ---    ---    ---    ---    ---   842.9  0.00   0.0   ---      ---    ---     ---   ---   ---     ---     ---   23.6    36    7.7   22.9   7.07  .9777     0.00     0    1      0.0   10 
 6/09/26 10:30p    ---    ---    ---   ---    ---   0.0   ---   0.00   0.0   ---    ---    ---    ---    ---   842.9  0.00   0.0   ---      ---    ---     ---   ---   ---     ---     ---   23.6    38    8.4   23.0   7.37  .9773     0.00     0    1      0.0   10 
 6/09/26 10:40p    ---    ---    ---   ---    ---   0.0   ---   0.00   0.0   ---    ---    ---    ---    ---   843.0  0.00   0.0   ---      ---    ---     ---   ---   ---     ---     ---   23.6    38    8.4   23.0   7.37  .9773     0.00     0    1      0.0   10 
 6/09/26 10:50p    ---    ---    ---   ---    ---   0.0   ---   0.00   0.0   ---    ---    ---    ---    ---   842.9  0.00   0.0   ---      ---    ---     ---   ---   ---     ---     ---   23.5    38    8.4   22.9   7.38  .9775     0.00     0    1      0.0   10 
 6/09/26 11:00p    ---    ---    ---   ---    ---   0.0   ---   0.00   0.0   ---    ---    ---    ---    ---   843.0  0.00   0.0   ---      ---    ---     ---   ---   ---     ---     ---   23.5    40    9.1   23.0   7.66  .9769     0.00     0    1      0.0   10 
 6/09/26 11:10p    ---    ---    ---   ---    ---   0.0   ---   0.00   0.0   ---    ---    ---    ---    ---   843.0  0.00   0.0   ---      ---    ---     ---   ---   ---     ---     ---   23.4    39    8.7   22.9   7.57  .9775     0.00     0    1      0.0   10 
 6/09/26 11:20p    ---    ---    ---   ---    ---   0.0   ---   0.00   0.0   ---    ---    ---    ---    ---   843.0  0.00   0.0   ---      ---    ---     ---   ---   ---     ---     ---   23.4    40    9.1   22.9   7.67  .9771     0.00     0    1      0.0   10 
 6/09/26 11:30p    ---    ---    ---   ---    ---   0.0   ---   0.00   0.0   ---    ---    ---    ---    ---   843.0  0.00   0.0   ---      ---    ---     ---   ---   ---     ---     ---   23.4    40    9.1   22.9   7.67  .9772     0.00     0    1      0.0   10 
 6/09/26 11:40p    ---    ---    ---   ---    ---   0.0   ---   0.00   0.0   ---    ---    ---    ---    ---   843.0  0.00   0.0   ---      ---    ---     ---   ---   ---     ---     ---   23.4    40    9.0   22.9   7.67  .9774     0.00     0    1      0.0   10 
 6/09/26 11:50p    ---    ---    ---   ---    ---   0.0   ---   0.00   0.0   ---    ---    ---    ---    ---   842.9  0.00   0.0   ---      ---    ---     ---   ---   ---     ---     ---   23.3    39    8.6   22.8   7.57  .9779     0.00     0    1      0.0   10 
 7/09/26 12:00a    ---    ---    ---   ---    ---   0.0   ---   0.00   0.0   ---    ---    ---    ---    ---   842.9  0.00   0.0   ---      ---    ---     ---   ---   ---     ---     ---   23.4    41    9.4   22.9   7.79  .9769     0.00     0    1      0.0   10 
 7/09/26 12:10a    ---    ---    ---   ---    ---   0.0   ---   0.00   0.0   ---    ---    ---    ---    ---   842.9  0.00   0.0   ---      ---    ---     ---   ---   ---     ---     ---   23.3    39    8.5   22.7   7.57  .9781     0.00     0    1      0.0   10 
 7/09/26 12:20a    ---    ---    ---   ---    ---   0.0   ---   0.00   0.0   ---    ---    ---    ---    ---   842.9  0.00   0.0   ---      ---    ---     ---   ---   ---     ---     ---   23.3    40    9.0   22.8   7.67  .9775     0.00     0    1      0.0   10 
 7/09/26 12:30a    ---    ---    ---   ---    ---   0.0   ---   0.00   0.0   ---    ---    ---    ---    ---   842.9  0.00   0.0   ---      ---    ---     ---   ---   ---     ---     ---   23.2    39    8.5   22.6   7.57  .9783     0.00     0    1      0.0   10 
 7/09/26 12:40a    ---    ---    ---   ---    ---   0.0   ---   0.00   0.0   ---    ---    ---    ---    ---   843.0  0.00   0.0   ---      ---    ---     ---   ---   ---     ---     ---   23.2    40    8.9   22.7   7.67  .9780     0.00     0    1      0.0   10 
 7/09/26 12:50a    ---    ---    ---   ---    ---   0.0   ---   0.00   0.0   ---    ---    ---    ---    ---   843.0  0.00   0.0   ---      ---    ---     ---   ---   ---     ---     ---   23.3    39    8.5   22.7   7.57  .9782     0.00     0    1      0.0   10 
 7/09/26  1:00a    ---    ---    ---   ---    ---   0.0   ---   0.00   0.0   ---    ---    ---    ---    ---   843.1  0.00   0.0   ---      ---    ---     ---   ---   ---     ---     ---   23.2    39    8.5   22.6   7.57  .9785     0.00     0    1      0.0   10 
 7/09/26  1:10a    ---    ---    ---   ---    ---   0.0   ---   0.00   0.0   ---    ---    ---    ---    ---   843.1  0.00   0.0   ---      ---    ---     ---   ---   ---     ---     ---   23.3    38    8.2   22.7   7.39  .9787     0.00     0    1      0.0   10 
 7/09/26  1:20a    ---    ---    ---   ---    ---   0.0   ---   0.00   0.0   ---    ---    ---    ---    ---   842.9  0.00   0.0   ---      ---    ---     ---   ---   ---     ---     ---   23.3    38    8.2   22.7   7.39  .9784     0.00     0    1      0.0   10 
 7/09/26  1:30a    ---    ---    ---   ---    ---   0.0   ---   0.00   0.0   ---    ---    ---    ---    ---   842.7  0.00   0.0   ---      ---    ---     ---   ---   ---     ---     ---   23.3    39    8.6   22.8   7.57  .9776     0.00     0    1      0.0   10 
 7/09/26  1:40a    ---    ---    ---   ---    ---   0.0   ---   0.00   0.0   ---    ---    ---    ---    ---   842.8  0.00   0.0   ---      ---    ---     ---   ---   ---     ---     ---   23.4    38    8.3   22.8   7.39  .9778     0.00     0    1      0.0   10 
 7/09/26  1:50a    ---    ---    ---   ---    ---   0.0   ---   0.00   0.0   ---    ---    ---    ---    ---   842.7  0.00   0.0   ---      ---    ---     ---   ---   ---     ---     ---   23.3    37    7.8   22.6   7.27  .9784     0.00     0    1      0.0   10 
 7/09/26  2:00a    ---    ---    ---   ---    ---   0.0   ---   0.00   0.0   ---    ---    ---    ---    ---   842.7  0.00   0.0   ---      ---    ---     ---   ---   ---     ---     ---   23.3    39    8.5   22.7   7.57  .9778     0.00     0    1      0.0   10 
 7/09/26  2:10a    ---    ---    ---   ---    ---   0.0   ---   0.00   0.0   ---    ---    ---    ---    ---   842.6  0.00   0.0   ---      ---    ---     ---   ---   ---     ---     ---   23.2    38    8.1   22.6   7.40  .9782     0.00     0    1      0.0   10 
 7/09/26  2:20a    ---    ---    ---   ---    ---   0.0   ---   0.00   0.0   ---    ---    ---    ---    ---   842.5  0.00   0.0   ---      ---    ---     ---   ---   ---     ---     ---   23.3    39    8.5   22.7   7.57  .9776     0.00     0    1      0.0   10 
 7/09/26  2:30a    ---    ---    ---   ---    ---   0.0   ---   0.00   0.0   ---    ---    ---    ---    ---   842.4  0.00   0.0   ---      ---    ---     ---   ---   ---     ---     ---   23.2    38    8.1   22.6   7.40  .9780     0.00     0    1      0.0   10 
 7/09/26  2:40a    ---    ---    ---   ---    ---   0.0   ---   0.00   0.0   ---    ---    ---    ---    ---   842.3  0.00   0.0   ---      ---    ---     ---   ---   ---     ---     ---   23.2    37    7.7   22.4   7.28  .9784     0.00     0    1      0.0   10 
 7/09/26  2:50a    ---    ---    ---   ---    ---   0.0   ---   0.00   0.0   ---    ---    ---    ---    ---   842.3  0.00   0.0   ---      ---    ---     ---   ---   ---     ---     ---   23.2    40    8.8   22.6   7.68  .9775     0.00     0    1      0.0   10 
 7/09/26  3:00a    ---    ---    ---   ---    ---   0.0   ---   0.00   0.0   ---    ---    ---    ---    ---   842.3  0.00   0.0   ---      ---    ---     ---   ---   ---     ---     ---   23.1    38    8.0   22.4   7.41  .9783     0.00     0    1      0.0   10 
 7/09/26  3:10a    ---    ---    ---   ---    ---   0.0   ---   0.00   0.0   ---    ---    ---    ---    ---   842.3  0.00   0.0   ---      ---    ---     ---   ---   ---     ---     ---   23.2    38    8.1   22.5   7.40  .9781     0.00     0    1      0.0   10 
 7/09/26  3:20a    ---    ---    ---   ---    ---   0.0   ---   0.00   0.0   ---    ---    ---    ---    ---   842.2  0.00   0.0   ---      ---    ---     ---   ---   ---     ---     ---   23.2    40    8.8   22.6   7.68  .9773     0.00     0    1      0.0   10 
 7/09/26  3:30a    ---    ---    ---   ---    ---   0.0   ---   0.00   0.0   ---    ---    ---    ---    ---   842.1  0.00   0.0   ---      ---    ---     ---   ---   ---     ---     ---   23.1    39    8.4   22.5   7.58  .9778     0.00     0    1      0.0   10 
 7/09/26  3:40a    ---    ---    ---   ---    ---   0.0   ---   0.00   0.0   ---    ---    ---    ---    ---   842.1  0.00   0.0   ---      ---    ---     ---   ---   ---     ---     ---   23.2    40    8.8   22.6   7.68  .9772     0.00     0    1      0.0   10 
 7/09/26  3:50a    ---    ---    ---   ---    ---   0.0   ---   0.00   0.0   ---    ---    ---    ---    ---   842.1  0.00   0.0   ---      ---    ---     ---   ---   ---     ---     ---   23.1    41    9.1   22.6   7.81  .9771     0.00     0    1      0.0   10 
 7/09/26  4:00a    ---    ---    ---   ---    ---   0.0   ---   0.00   0.0   ---    ---    ---    ---    ---   842.0  0.00   0.0   ---      ---    ---     ---   ---   ---     ---     ---   23.2    39    8.4   22.6   7.58  .9775     0.00     0    1      0.0   10 
 7/09/26  4:10a    ---    ---    ---   ---    ---   0.0   ---   0.00   0.0   ---    ---    ---    ---    ---   842.2  0.00   0.0   ---      ---    ---     ---   ---   ---     ---     ---   23.1    40    8.8   22.5   7.68  .9776     0.00     0    1      0.0   10 
 7/09/26  4:20a    ---    ---    ---   ---    ---   0.0   ---   0.00   0.0   ---    ---    ---    ---    ---   842.3  0.00   0.0   ---      ---    ---     ---   ---   ---     ---     ---   23.1    39    8.3   22.4   7.58  .9782     0.00     0    1      0.0   10 
 7/09/26  4:30a    ---    ---    ---   ---    ---   0.0   ---   0.00   0.0   ---    ---    ---    ---    ---   842.3  0.00   0.0   ---      ---    ---     ---   ---   ---     ---     ---   23.1    40    8.7   22.4   7.68  .9779     0.00     0    1      0.0   10 
 7/09/26  4:40a    ---    ---    ---   ---    ---   0.0   ---   0.00   0.0   ---    ---    ---    ---    ---   842.5  0.00   0.0   ---      ---    ---     ---   ---   ---     ---     ---   23.1    41    9.1   22.6   7.81  .9775     0.00     0    1      0.0   10 
 7/09/26  4:50a    ---    ---    ---   ---    ---   0.0   ---   0.00   0.0   ---    ---    ---    ---    ---   842.5  0.00   0.0   ---      ---    ---     ---   ---   ---     ---     ---   23.1    39    8.4   22.5   7.58  .9782     0.00     0    1      0.0   10 
 7/09/26  5:00a    ---    ---    ---   ---    ---   0.0   ---   0.00   0.0   ---    ---    ---    ---    ---   842.6  0.00   0.0   ---      ---    ---     ---   ---   ---     ---     ---   23.0    39    8.3   22.3   7.58  .9788     0.00     0    1      0.0   10 
 7/09/26  5:10a    ---    ---    ---   ---    ---   0.0   ---   0.00   0.0   ---    ---    ---    ---    ---   842.6  0.00   0.0   ---      ---    ---     ---   ---   ---     ---     ---   23.1    39    8.4   22.5   7.58  .9784     0.00     0    1      0.0   10 
 7/09/26  5:20a    ---    ---    ---   ---    ---   0.0   ---   0.00   0.0   ---    ---    ---    ---    ---   842.7  0.00   0.0   ---      ---    ---     ---   ---   ---     ---     ---   23.1    39    8.4   22.5   7.58  .9784     0.00     0    1      0.0   10 
 7/09/26  5:30a    ---    ---    ---   ---    ---   0.0   ---   0.00   0.0   ---    ---    ---    ---    ---   842.9  0.00   0.0   ---      ---    ---     ---   ---   ---     ---     ---   23.1    36    7.2   22.3   7.11  .9797     0.00     0    1      0.0   10 
 7/09/26  5:40a    ---    ---    ---   ---    ---   0.0   ---   0.00   0.0   ---    ---    ---    ---    ---   843.0  0.00   0.0   ---      ---    ---     ---   ---   ---     ---     ---   23.2    36    7.3   22.4   7.10  .9796     0.00     0    1      0.0   10 
 7/09/26  5:50a    ---    ---    ---   ---    ---   0.0   ---   0.00   0.0   ---    ---    ---    ---    ---   843.1  0.00   0.0   ---      ---    ---     ---   ---   ---     ---     ---   23.1    38    8.0   22.4   7.41  .9793     0.00     0    1      0.0   10 
 7/09/26  6:00a    ---    ---    ---   ---    ---   0.0   ---   0.00   0.0   ---    ---    ---    ---    ---   843.2  0.00   0.0   ---      ---    ---     ---   ---   ---     ---     ---   23.2    36    7.3   22.4   7.10  .9799     0.00     0    1      0.0   10 
 7/09/26  6:10a    ---    ---    ---   ---    ---   0.0   ---   0.00   0.0   ---    ---    ---    ---    ---   843.4  0.00   0.0   ---      ---    ---     ---   ---   ---     ---     ---   23.2    36    7.3   22.4   7.10  .9801     0.00     0    1      0.0   10 
 7/09/26  6:20a    ---    ---    ---   ---    ---   0.0   ---   0.00   0.0   ---    ---    ---    ---    ---   843.6  0.00   0.0   ---      ---    ---     ---   ---   ---     ---     ---   23.2    36    7.3   22.5   7.10  .9800     0.00     0    1      0.0   10 
 7/09/26  6:30a    ---    ---    ---   ---    ---   0.0   ---   0.00   0.0   ---    ---    ---    ---    ---   843.5  0.00   0.0   ---      ---    ---     ---   ---   ---     ---     ---   23.2    35    6.9   22.4   6.97  .9802     0.00     0    1      0.0   10 
 7/09/26  6:40a    ---    ---    ---   ---    ---   0.0   ---   0.00   0.0   ---    ---    ---    ---    ---   843.4  0.00   0.0   ---      ---    ---     ---   ---   ---     ---     ---   23.2    38    8.1   22.6   7.40  .9792     0.00     0    1      0.0   10 
 7/09/26  6:50a    ---    ---    ---   ---    ---   0.0   ---   0.00   0.0   ---    ---    ---    ---    ---   843.4  0.00   0.0   ---      ---    ---     ---   ---   ---     ---     ---   23.3    36    7.4   22.7   7.09  .9794     0.00     0    1      0.0   10 
 7/09/26  7:00a    ---    ---    ---   ---    ---   0.0   ---   0.00   0.0   ---    ---    ---    ---    ---   843.5  0.00   0.0   ---      ---    ---     ---   ---   ---     ---     ---   23.4    36    7.5   22.7   7.09  .9793     0.00     0    1      0.0   10 
 7/09/26  7:10a    ---    ---    ---   ---    ---   0.0   ---   0.00   0.0   ---    ---    ---    ---    ---   843.6  0.00   0.0   ---      ---    ---     ---   ---   ---     ---     ---   23.4    35    7.1   22.7   6.97  .9795     0.00     0    1      0.0   10 
 7/09/26  7:20a    ---    ---    ---   ---    ---   0.0   ---   0.00   0.0   ---    ---    ---    ---    ---   843.7  0.00   0.0   ---      ---    ---     ---   ---   ---     ---     ---   23.6    36    7.6   22.9   7.07  .9788     0.00     0    1      0.0   10 
 7/09/26  7:30a    ---    ---    ---   ---    ---   0.0   ---   0.00   0.0   ---    ---    ---    ---    ---   843.7  0.00   0.0   ---      ---    ---     ---   ---   ---     ---     ---   23.6    36    7.7   22.9   7.07  .9787     0.00     0    1      0.0   10 
 7/09/26  7:40a    ---    ---    ---   ---    ---   0.0   ---   0.00   0.0   ---    ---    ---    ---    ---   843.7  0.00   0.0   ---      ---    ---     ---   ---   ---     ---     ---   23.7    36    7.8   23.1   7.06  .9782     0.00     0    1      0.0   10 
 7/09/26  7:50a    ---    ---    ---   ---    ---   0.0   ---   0.00   0.0   ---    ---    ---    ---    ---   843.7  0.00   0.0   ---      ---    ---     ---   ---   ---     ---     ---   23.7    35    7.3   23.1   6.96  .9785     0.00     0    1      0.0   10 
 7/09/26  8:00a    ---    ---    ---   ---    ---   0.0   ---   0.00   0.0   ---    ---    ---    ---    ---   843.7  0.00   0.0   ---      ---    ---     ---   ---   ---     ---     ---   23.8    35    7.4   23.1   6.95  .9783     0.00     0    1      0.0   10 
 7/09/26  8:10a    ---    ---    ---   ---    ---   0.0   ---   0.00   0.0   ---    ---    ---    ---    ---   843.7  0.00   0.0   ---      ---    ---     ---   ---   ---     ---     ---   23.7    35    7.3   23.1   6.96  .9786     0.00     0    1      0.0   10 
 7/09/26  8:20a    ---    ---    ---   ---    ---   0.0   ---   0.00   0.0   ---    ---    ---    ---    ---   843.8  0.00   0.0   ---      ---    ---     ---   ---   ---     ---     ---   23.8    35    7.4   23.1   6.95  .9784     0.00     0    1      0.0   10 
 7/09/26  8:30a    ---    ---    ---   ---    ---   0.0   ---   0.00   0.0   ---    ---    ---    ---    ---   843.8  0.00   0.0   ---      ---    ---     ---   ---   ---     ---     ---   23.9    35    7.5   23.2   6.95  .9779     0.00     0    1      0.0   10 
 7/09/26  8:40a    ---    ---    ---   ---    ---   0.0   ---   0.00   0.0   ---    ---    ---    ---    ---   843.8  0.00   0.0   ---      ---    ---     ---   ---   ---     ---     ---   24.0    35    7.6   23.3   6.95  .9776     0.00     0    1      0.0   10 
 7/09/26  8:50a    ---    ---    ---   ---    ---   0.0   ---   0.00   0.0   ---    ---    ---    ---    ---   843.8  0.00   0.0   ---      ---    ---     ---   ---   ---     ---     ---   24.2    39    9.3   23.7   7.54  .9755     0.00     0    1      0.0   10 
 7/09/26  9:00a   18.4   18.4   18.3    93   17.2   0.0   ---   0.00   0.0   ---   18.4   19.0   19.0    ---   843.7  0.00   0.0   132     1.89    132     1.9  0.14   1.9   0.000   0.000   24.2    36    8.1   23.6   7.04  .9763     0.08    25    1     11.0   10 
 7/09/26  9:10a   18.6   18.7   18.4    92   17.2   0.0   ---   0.00   0.0   ---   18.6   19.2   19.2    ---   843.7  0.00   0.0   149     2.14    162     2.0  0.14   2.3   0.000   0.002   24.3    38    9.0   23.7   7.34  .9753     0.00   229    1    100.0   10 
 7/09/26  9:20a   18.8   19.1   18.7    91   17.3   0.0   ---   0.00   0.0   ---   18.8   19.6   19.6    ---   843.8  0.00   0.0   206     2.95    229     2.4  0.17   2.6   0.000   0.003   24.4    37    8.8   23.8   7.23  .9753     0.00   233    1    100.0   10 
 7/09/26  9:30a   19.3   19.5   19.1    91   17.8   0.0     E   0.00   3.2     E   19.3   20.1   20.1    ---   843.9  0.00   0.0   229     3.28    257     2.7  0.19   3.1   0.000   0.007   24.6    36    8.5   24.0   7.02  .9748     0.00   232    1    100.0   10 
 7/09/26  9:40a   19.7   20.1   19.5    90   18.0   0.0   ENE   0.00   1.6   ENE   19.7   20.6   20.6    ---   844.0  0.00   0.0   419     6.01    705     3.4  0.24   4.2   0.000   0.010   24.8    35    8.3   24.2   6.92  .9747     0.00   232    1    100.0   10 
 7/09/26  9:50a   20.6   21.1   20.1    88   18.5   0.0     E   0.00   3.2     E   20.6   21.6   21.6    ---   844.1  0.00   0.0   566     8.11    759     3.9  0.28   4.5   0.000   0.015   25.3    34    8.3   24.6   6.70  .9731     0.00   233    1    100.0   10 
 7/09/26 10:00a   21.4   21.6   21.1    86   18.9   0.0   ESE   0.00   9.7   ESE   21.4   22.3   22.3    ---   844.2  0.00   0.0   440     6.31    779     3.6  0.26   4.4   0.000   0.021   25.6    34    8.6   24.8   6.69  .9719     0.20   227    1     99.6   10 
 7/09/26 10:10a   21.7   21.8   21.7    84   18.9   0.0     E   0.00   9.7    SE   21.7   22.7   22.7    ---   844.2  0.00   0.0   448     6.42    624     4.0  0.29   4.6   0.000   0.024   25.8    34    8.8   25.1   6.68  .9710     0.00   233    1    100.0   10 
 7/09/26 10:20a   21.9   21.9   21.8    83   18.9   4.8    SE   0.80  14.5    SE   21.9   22.8   22.8    ---   844.3  0.00   0.0   267     3.83    385     4.2  0.30   4.8   0.000   0.025   25.9    34    8.8   25.2   6.68  .9709     0.00   230    1    100.0   10 
 7/09/26 10:30a   21.6   21.8   21.4    83   18.6   1.6    SE   0.27  16.1    SE   21.6   22.5   22.5    ---   844.3  0.00   0.0   230     3.30    246     4.4  0.31   4.9   0.000   0.023   25.6    34    8.6   24.8   6.69  .9720     0.00   235    1    100.0   10 
 7/09/26 10:40a   21.4   21.4   21.3    83   18.4   1.6     S   0.27   8.0     S   21.4   22.2   22.2    ---   844.3  0.00   0.0   222     3.18    244     4.1  0.29   5.0   0.000   0.021   25.4    34    8.4   24.7   6.69  .9727     0.00   233    1    100.0   10 
 7/09/26 10:50a   21.4   21.6   21.4    84   18.6   1.6   SSW   0.27  11.3     S   21.4   22.3   22.3    ---   844.2  0.00   0.0   354     5.07    464     5.1  0.36   5.7   0.000   0.022   25.4    34    8.4   24.7   6.69  .9725     0.00   230    1    100.0   10 
 7/09/26 11:00a   21.7   21.8   21.6    82   18.5   3.2   SSW   0.54  11.3    SW   21.7   22.6   22.6    ---   844.1  0.00   0.0   335     4.80    422     5.3  0.38   5.6   0.000   0.024   25.6    34    8.6   24.8   6.69  .9718     0.20   233    1    100.0   10 
 7/09/26 11:10a   22.0   22.3   21.8    81   18.6   1.6   SSW   0.27  11.3    SW   22.0   22.8   22.8    ---   844.2  0.00   0.0   439     6.29    902     6.5  0.46   8.3   0.000   0.025   25.8    34    8.8   25.1   6.68  .9709     0.00   229    1    100.0   10 
 7/09/26 11:20a   22.6   22.8   22.3    79   18.7   1.6     S   0.27  11.3     S   22.6   23.4   23.4    ---   844.1  0.00   0.0   456     6.54    701     6.3  0.45   7.8   0.000   0.029   26.1    34    9.0   25.3   6.67  .9700     0.00   234    1    100.0   10 
 7/09/26 11:30a   22.9   23.1   22.8    76   18.5   1.6   SSE   0.27  11.3   SSE   22.9   23.9   23.9    ---   844.1  0.00   0.0   375     5.38    513     6.0  0.43   6.9   0.000   0.032   26.1    34    9.0   25.4   6.67  .9697     0.00   233    1    100.0   10 
 7/09/26 11:40a   23.2   23.5   23.1    76   18.7   1.6    SE   0.27   6.4    SE   23.2   24.2   24.2    ---   844.0  0.00   0.0   909    13.03   1039     7.8  0.56   9.2   0.000   0.034   26.2    34    9.1   25.4   6.67  .9694     0.00   230    1    100.0   10 
 7/09/26 11:50a   23.9   24.4   23.5    72   18.6   1.6    SE   0.27  12.9    SE   23.9   25.0   25.0    ---   844.0  0.00   0.0   994    14.25   1060     8.7  0.62   9.4   0.000   0.039   26.5    34    9.4   25.7   6.66  .9681     0.00   234    1    100.0   10 
 7/09/26 12:00p   24.8   25.1   24.4    69   18.7   1.6     S   0.27  11.3     S   24.8   25.7   25.7    ---   844.0  0.51   7.4   897    12.86   1013     8.2  0.59   9.4   0.000   0.045   26.8    34    9.6   25.9   6.64  .9667     0.41   230    1    100.0   10 
 7/09/26 12:10p   25.3   25.5   25.1    70   19.4   1.6     S   0.27  11.3     S   25.3   26.3   26.3    ---   843.9  0.00   1.3  1023    14.66   1044     9.4  0.67  10.0   0.000   0.048   27.1    35   10.3   26.2   6.82  .9652     0.00   234    1    100.0   10 
 7/09/26 12:20p   25.7   25.9   25.5    66   18.9   1.6    SW   0.27   8.0   ESE   25.7   26.6   26.6    ---   843.7  0.00   0.0   909    13.03   1046     8.2  0.59   9.4   0.000   0.051   27.3    35   10.5   26.4   6.81  .9641     0.00   230    1    100.0   10 
 7/09/26 12:30p   25.9   26.1   25.8    66   19.1   1.6     S   0.27   6.4     S   25.9   26.9   26.9    ---   843.7  0.00   0.0   768    11.01   1028     8.0  0.57   9.5   0.000   0.053   27.3    35   10.5   26.4   6.81  .9641     0.00   233    1    100.0   10 
 7/09/26 12:40p   26.1   26.1   25.9    66   19.2   1.6     N   0.27   8.0     N   26.1   27.1   27.1    ---   843.5  0.00   0.0   291     4.17    362     5.5  0.39   6.5   0.000   0.054   27.2    35   10.4   26.4   6.81  .9641     0.00   233    1    100.0   10 
 7/09/26 12:50p   25.9   25.9   25.8    65   18.8   0.0     E   0.00   3.2   ENE   25.9   26.8   26.8    ---   843.2  0.25   0.0   477     6.84    777     6.8  0.49   8.7   0.000   0.052   27.1    35   10.3   26.2   6.82  .9645     0.00   230    1    100.0   10 
 7/09/26  1:10p   25.7   25.7   25.7    65   18.6   0.0   ESE   0.00   4.8    SE   25.7   26.5   26.5    ---   842.9  0.00   0.0  1041    14.92   1041     8.7  0.62   9.2   0.000   0.051   26.9    35   10.1   26.1   6.83  .9649     0.00   107    1     46.9   10 
 7/09/26  1:20p   26.0   26.4   25.7    65   18.9   1.6   ENE   0.27   6.4   ESE   26.0   26.9   26.9    ---   842.8  0.00   0.0   873    12.51   1079     8.0  0.57   9.8   0.000   0.053   27.1    35   10.3   26.3   6.82  .9638     0.00   226    1     99.1   10 
 7/09/26  1:30p   26.6   26.9   26.4    63   19.0   1.6   ENE   0.27   8.0   ESE   26.6   27.6   27.6    ---   842.8  0.00   0.0   946    13.56   1102     8.5  0.61   9.6   0.000   0.057   27.3    35   10.5   26.4   6.81  .9631     0.00   230    1    100.0   10 
 7/09/26  1:40p   27.1   27.2   26.9    61   18.9   1.6     E   0.27   9.7    NE   27.1   28.1   28.1    ---   842.5  0.00   0.0   477     6.84    701     8.5  0.61   9.0   0.000   0.061   27.6    35   10.7   26.8   6.79  .9616     0.00   230    1    100.0   10 
 7/09/26  1:50p   27.2   27.3   27.2    60   18.8   1.6   NNE   0.27  11.3   NNE   27.2   28.2   28.2    ---   842.3  0.00   0.0   289     4.14    338     6.7  0.48   8.1   0.000   0.062   27.7    35   10.9   27.0   6.77  .9607     0.00   231    1    100.0   10 
 7/09/26  2:00p   27.2   27.3   26.9    61   19.0   1.6   NNW   0.27   9.7    NW   27.2   28.2   28.2    ---   842.3  1.78 356.9   226     3.24    264     4.6  0.33   5.1   0.000   0.061   27.5    35   10.7   26.7   6.79  .9616     0.38   231    1    100.0   10 
 7/09/26  2:10p   26.7   26.9   26.6    61   18.6   0.0   ENE   0.00  11.3     N   26.7   27.6   27.6    ---   842.1  0.00   1.3   258     3.70    294     4.7  0.34   5.2   0.000   0.058   27.2    35   10.4   26.4   6.81  .9625     0.00   225    1     98.7   10 
 7/09/26  2:20p   26.6   26.6   26.6    61   18.4   0.0     E   0.00  11.3   ENE   26.6   27.3   27.3    ---   841.7  0.00   0.0   387     5.55    780     6.0  0.43   7.5   0.000   0.057   27.1    34    9.8   26.2   6.62  .9632     0.00   231    1    100.0   10 
 7/09/26  2:30p   26.7   26.8   26.6    61   18.6   1.6   ENE   0.27  11.3    SE   26.7   27.6   27.6    ---   841.6  0.00   0.0   385     5.52    865     5.4  0.39   7.9   0.000   0.058   27.1    35   10.3   26.2   6.82  .9626     0.00   229    1    100.0   10 
 7/09/26  2:40p   26.7   26.8   26.6    62   18.8   1.6   SSE   0.27   8.0     E   26.7   27.6   27.6    ---   841.5  0.00   0.0   183     2.62    241     4.2  0.30   4.6   0.000   0.058   26.9    35   10.1   26.1   6.83  .9631     0.00   235    1    100.0   10 
 7/09/26  2:50p   26.4   26.6   26.3    61   18.3   1.6   SSE   0.27   9.7   SSE   26.4   27.2   27.2    ---   841.3  0.00   0.0   180     2.58    200     4.4  0.31   4.8   0.000   0.056   26.6    35    9.8   25.8   6.85  .9643     0.00   229    1    100.0   10 
 7/09/26  3:00p   26.2   26.3   26.2    62   18.4   0.0   ENE   0.00   9.7   ENE   26.2   27.0   27.0    ---   841.2  0.00   0.0   142     2.04    246     3.7  0.26   4.6   0.000   0.055   26.4    35    9.7   25.7   6.86  .9648     0.18   228    1    100.0   10 
 7/09/26  3:10p   26.0   26.2   25.9    64   18.7   0.0   ENE   0.00   8.0   ENE   26.0   26.8   26.8    ---   841.1  0.00   0.0    77     1.10     95     2.8  0.20   3.1   0.000   0.053   26.2    35    9.5   25.5   6.87  .9656     0.00   231    1    100.0   10 
 7/09/26  3:20p   25.7   25.8   25.5    65   18.6   0.0     S   0.00   4.8   SSE   25.7   26.5   26.5    ---   841.1  0.00   0.0    50     0.72     60     0.7  0.05   2.8   0.000   0.051   26.0    35    9.3   25.3   6.87  .9663     0.00   228    1    100.0   10 
 7/09/26  3:30p   25.3   25.5   25.2    66   18.5   0.0   SSE   0.00   1.6   SSE   25.3   26.1   26.1    ---   840.9  0.00   0.0    53     0.76     65     1.1  0.08   3.8   0.000   0.048   25.7    34    8.7   25.0   6.68  .9676     0.00   229    1    100.0   10 
 7/09/26  3:40p   25.1   25.2   25.1    66   18.3   0.0   ESE   0.00   1.6   ESE   25.1   25.9   25.9    ---   841.0  0.00   0.0    61     0.87     70     2.2  0.16   3.7   0.000   0.047   25.6    34    8.5   24.8   6.69  .9683     0.00   229    1    100.0   10 
 7/09/26  3:50p   24.9   25.1   24.7    69   18.8   1.6   SSE   0.27   9.7     S   24.9   25.9   25.9    ---   840.9  0.00   0.0    52     0.75     54     0.0  0.00   0.0   0.000   0.046   25.4    34    8.4   24.7   6.69  .9687     0.00   231    1    100.0   10 
 7/09/26  4:00p   24.3   24.7   24.1    72   19.0   1.6   SSE   0.27  12.9   SSE   24.3   25.4   25.4    ---   840.8  0.00   0.0    53     0.76     54     0.0  0.00   0.0   0.000   0.042   25.3    34    8.3   24.7   6.70  .9690     0.05   232    1    100.0   10 
 7/09/26  4:10p   23.8   24.1   23.6    76   19.3   1.6    SE   0.27  12.9   ESE   23.8   25.1   25.1    ---   840.9  0.51  50.8    58     0.83     60     2.2  0.16   3.2   0.000   0.038   25.3    35    8.8   24.7   6.90  .9687     0.00   227    1     99.6   10 
 7/09/26  4:20p   23.1   23.6   22.4    81   19.6   1.6   ESE   0.27  11.3   ENE   23.1   24.1   24.1    ---   841.0  0.00   1.3    66     0.95     83     1.6  0.11   2.6   0.000   0.033   25.3    36    9.1   24.7   7.00  .9688     0.00   230    1    100.0   10 
 7/09/26  4:30p   21.3   22.3   20.6    85   18.7   0.0   ESE   0.00  11.3   ENE   21.3   22.2   22.2    ---   840.7  0.00   0.0   121     1.73    144     2.8  0.20   3.4   0.000   0.021   25.3    36    9.1   24.7   7.00  .9684     0.00   230    1    100.0   10 
 7/09/26  4:40p   20.3   20.6   20.0    88   18.2   0.0   ---   0.00   0.0   ---   20.3   21.3   21.3    ---   840.7  0.00   0.0   154     2.21    162     3.2  0.23   3.5   0.000   0.014   25.3    36    9.2   24.7   7.00  .9682     0.00   232    1    100.0   10 
 7/09/26  4:50p   19.9   20.0   19.8    89   18.0   0.0    NE   0.00   1.6    NE   19.9   20.8   20.8    ---   840.9  0.00   0.0   138     1.98    148     3.2  0.23   3.5   0.000   0.011   25.4    37    9.6   24.8   7.20  .9678     0.00   233    1    100.0   10 
 7/09/26  5:00p   20.0   20.1   19.8    90   18.3   0.0   ---   0.00   0.0   ---   20.0   20.9   20.9    ---   840.9  0.00   0.0    88     1.26    107     2.8  0.20   3.2   0.000   0.012   25.3    36    9.1   24.7   7.00  .9686     0.08   227    1     99.6   10 
 7/09/26  5:10p   20.2   20.3   20.1    91   18.7   0.0   ---   0.00   0.0   ---   20.2   21.3   21.3    ---   840.9  0.00   0.0    58     0.83     63     2.6  0.19   3.1   0.000   0.013   25.1    36    8.9   24.5   7.01  .9695     0.00   232    1    100.0   10 
 7/09/26  5:20p   20.4   20.5   20.3    91   18.9   0.0   WSW   0.00   1.6   WSW   20.4   21.5   21.5    ---   841.0  0.00   0.0    52     0.75     54     0.0  0.00   0.0   0.000   0.014   24.9    37    9.2   24.3   7.21  .9699     0.00   227    1     99.6   10 
 7/09/26  5:30p   20.5   20.6   20.5    91   19.0   0.0   WSW   0.00   1.6   WSW   20.5   21.6   21.6    ---   841.0  0.00   0.0    45     0.65     49     0.0  0.00   0.0   0.000   0.015   24.8    36    8.7   24.3   7.02  .9705     0.00   231    1    100.0   10 
 7/09/26  5:40p   20.5   20.6   20.4    91   19.0   0.0     W   0.00   3.2     W   20.5   21.6   21.6    ---   841.1  0.00   0.0    39     0.56     42     0.0  0.00   0.0   0.000   0.015   24.7    36    8.6   24.1   7.02  .9711     0.00   230    1    100.0   10 
 7/09/26  5:50p   20.3   20.3   20.3    91   18.8   0.0     W   0.00   3.2     W   20.3   21.3   21.3    ---   841.1  0.00   0.0    36     0.52     37     0.0  0.00   0.0   0.000   0.014   24.6    35    8.1   24.0   6.92  .9720     0.00   228    1    100.0   10 
 7/09/26  6:00p   20.2   20.3   20.2    91   18.7   0.0   WNW   0.00   3.2   WNW   20.2   21.3   21.3    ---   841.1  0.00   0.0    40     0.57     42     0.0  0.00   0.0   0.000   0.013   24.6    36    8.5   23.9   7.03  .9717     0.03   231    1    100.0   10 
 7/09/26  6:10p   20.1   20.2   20.1    91   18.6   0.0   WNW   0.00   1.6   WNW   20.1   21.1   21.1    ---   841.1  0.00   0.0    40     0.57     42     0.0  0.00   0.0   0.000   0.012   24.4    35    8.0   23.8   6.93  .9726     0.00   228    1    100.0   10 
 7/09/26  6:20p   20.0   20.1   19.9    91   18.5   0.0   WNW   0.00   1.6   WNW   20.0   20.9   20.9    ---   841.2  0.00   0.0    34     0.49     39     0.0  0.00   0.0   0.000   0.012   24.4    35    8.0   23.8   6.93  .9727     0.00   230    1    100.0   10 
 7/09/26  6:30p   19.9   19.9   19.8    91   18.4   0.0     W   0.00   3.2     W   19.9   20.8   20.8    ---   841.3  0.00   0.0    24     0.34     28     0.0  0.00   0.0   0.000   0.011   24.4    35    8.0   23.8   6.93  .9728     0.00   230    1    100.0   10 
 7/09/26  6:40p   19.8   19.8   19.7    91   18.3   0.0   WNW   0.00   3.2     W   19.8   20.7   20.7    ---   841.6  0.00   0.0    17     0.24     21     0.0  0.00   0.0   0.000   0.010   24.4    34    7.5   23.7   6.73  .9737     0.00   229    1    100.0   10 
 7/09/26  6:50p   19.6   19.7   19.6    91   18.1   0.0    NW   0.00   6.4    NW   19.6   20.5   20.5    ---   841.7  0.00   0.0     7     0.10     11     0.0  0.00   0.0   0.000   0.009   24.2    34    7.4   23.5   6.74  .9746     0.00   234    1    100.0   10 
 7/09/26  7:00p   19.7   19.8   19.6    91   18.2   0.0   WNW   0.00   6.4    NW   19.7   20.6   20.6    ---   841.9  0.00   0.0     0     0.00      5     0.0  0.00   0.0   0.000   0.010   24.2    34    7.4   23.5   6.74  .9748     0.03   229    1    100.0   10 
 7/09/26  7:10p   19.8   19.8   19.8    92   18.5   0.0    NW   0.00   1.6    NW   19.8   20.8   20.8    ---   842.0  0.00   0.0     0     0.00      0     0.0  0.00   0.0   0.000   0.010   24.1    33    6.8   23.3   6.55  .9757     0.00   233    1    100.0   10 
 7/09/26  7:20p   19.8   19.8   19.8    91   18.3   0.0    NW   0.00   1.6    NW   19.8   20.8   20.8    ---   842.1  0.00   0.0     0     0.00      0     0.0  0.00   0.0   0.000   0.010   24.0    32    6.3   23.2   6.45  .9766     0.00   231    1    100.0   10 
 7/09/26  7:30p   19.8   19.8   19.8    92   18.4   0.0    NW   0.00   1.6    NW   19.8   20.7   20.7    ---   842.2  0.00   0.0     0     0.00      0     0.0  0.00   0.0   0.000   0.010   24.0    33    6.7   23.2   6.55  .9763     0.00   228    1    100.0   10 
 7/09/26  7:40p   19.8   19.8   19.8    92   18.4   0.0   ---   0.00   0.0   ---   19.8   20.7   20.7    ---   842.2  0.00   0.0     0     0.00      0     0.0  0.00   0.0   0.000   0.010   24.0    33    6.7   23.2   6.55  .9764     0.00   231    1    100.0   10 
 7/09/26  7:50p   19.7   19.8   19.7    92   18.4   0.0   NNW   0.00   1.6   NNW   19.7   20.7   20.7    ---   842.3  9.40 522.5     0     0.00      0     0.0  0.00   0.0   0.000   0.010   24.0    34    7.2   23.3   6.75  .9762     0.00   227    1     99.6   10 
 7/09/26  8:00p   19.6   19.7   19.6    92   18.3   0.0   NNW   0.00  11.3     N   19.6   20.5   20.5    ---   842.6  0.76  25.4     0     0.00      0     0.0  0.00   0.0   0.000   0.009   24.0    33    6.7   23.2   6.55  .9768     0.00   233    1    100.0   10 
 7/09/26  8:10p   19.4   19.6   19.3    91   17.9   1.6     N   0.27  14.5     N   19.4   20.2   20.2    ---   842.6 12.19 365.8     0     0.00      0     0.0  0.00   0.0   0.000   0.007   23.9    33    6.7   23.2   6.55  .9771     0.00   230    1    100.0   10 
 7/09/26  8:20p   19.3   19.3   19.3    91   17.8   1.6     N   0.27  11.3     N   19.3   20.1   20.1    ---   842.9  5.33 356.9     0     0.00      0     0.0  0.00   0.0   0.000   0.007   23.9    35    7.5   23.2   6.95  .9769     0.00   229    1    100.0   10 
 7/09/26  8:30p   19.3   19.3   19.3    91   17.8   0.0   NNW   0.00   3.2   NNW   19.3   20.2   20.2    ---   843.1  2.79 356.9     0     0.00      0     0.0  0.00   0.0   0.000   0.007   23.9    35    7.5   23.3   6.95  .9769     0.00   232    1    100.0   10 
 7/09/26  8:40p   19.4   19.4   19.3    90   17.8   0.0    NW   0.00   4.8    NW   19.4   20.3   20.3    ---   843.3 39.12 365.8     0     0.00      0     0.0  0.00   0.0   0.000   0.008   23.9    36    8.0   23.3   7.05  .9768     0.00   227    1     99.6   10 
 7/09/26  8:50p   19.4   19.6   19.4    90   17.8   0.0     N   0.00  11.3    NW   19.4   20.3   20.3    ---   843.7 49.281625.6     0     0.00      0     0.0  0.00   0.0   0.000   0.008   23.9    34    7.1   23.2   6.75  .9782     0.00   231    1    100.0   10 
 7/09/26  9:00p   19.6   19.7   19.3    90   17.9   3.2   NNW   0.54  19.3    NW   19.6   20.5   20.5    ---   844.2 18.291625.6     0     0.00      0     0.0  0.00   0.0   0.000   0.009   23.9    35    7.5   23.2   6.95  .9785     0.00   232    1    100.0   10 
 7/09/26  9:10p   19.1   19.3   18.8    90   17.4   3.2   NNW   0.54  17.7     N   19.1   19.8   19.8    ---   844.5  5.59 487.7     0     0.00      0     0.0  0.00   0.0   0.000   0.005   23.8    36    7.9   23.2   7.05  .9786     0.00   230    1    100.0   10 
 7/09/26  9:20p   18.3   18.8   17.9    91   16.8   6.4   NNE   1.07  20.9   NNE   18.3   18.9   18.9    ---   844.9  2.03 356.9     0     0.00      0     0.0  0.00   0.0   0.000   0.000   23.8    38    8.7   23.3   7.35  .9785     0.00   231    1    100.0   10 
 7/09/26  9:30p   17.4   17.9   17.0    91   16.0   3.2   NNW   0.54  19.3   NNW   17.4   17.9   17.9    ---   844.8  2.03 356.9     0     0.00      0     0.0  0.00   0.0   0.006   0.000   23.8    38    8.6   23.2   7.36  .9786     0.00   230    1    100.0   10 
 7/09/26  9:40p   16.8   17.0   16.6    92   15.5   0.0     N   0.00   8.0   NNW   16.8   17.1   17.1    ---   844.8  4.06 395.5     0     0.00      0     0.0  0.00   0.0   0.011   0.000   23.6    38    8.5   23.1   7.37  .9792     0.00   230    1    100.0   10 
 7/09/26  9:50p   16.6   16.6   16.6    93   15.4   0.0   ---   0.00   0.0   ---   16.6   16.9   16.9    ---   845.0 40.131625.6     0     0.00      0     0.0  0.00   0.0   0.012   0.000   23.5    39    8.7   22.9   7.56  .9796     0.00   231    1    100.0   10 
 7/09/26 10:00p   16.6   16.7   16.6    93   15.4   0.0   ---   0.00   0.0   ---   16.6   16.9   16.9    ---   845.0 33.78 418.1     0     0.00      0     0.0  0.00   0.0   0.012   0.000   23.3    38    8.2   22.7   7.39  .9807     0.00   228    1    100.0   10 
 7/09/26 10:10p   16.8   16.9   16.7    94   15.8   0.0   ---   0.00   0.0   ---   16.8   17.2   17.2    ---   845.0  6.601463.0     0     0.00      0     0.0  0.00   0.0   0.011   0.000   23.3    37    7.8   22.7   7.27  .9810     0.00   230    1    100.0   10 
 7/09/26 10:20p   17.0   17.1   16.9    94   16.0   0.0   ---   0.00   0.0   ---   17.0   17.4   17.4    ---   845.0 22.861125.5     0     0.00      0     0.0  0.00   0.0   0.009   0.000   23.3    37    7.8   22.7   7.27  .9810     0.00   230    1    100.0   10 
 7/09/26 10:30p   17.2   17.3   17.1    94   16.2   0.0   ---   0.00   0.0   ---   17.2   17.7   17.7    ---   844.9 17.02 770.1     0     0.00      0     0.0  0.00   0.0   0.008   0.000   23.3    36    7.4   22.7   7.09  .9812     0.00   231    1    100.0   10 
 7/09/26 10:40p   17.3   17.3   17.3    94   16.4   0.0   ---   0.00   0.0   ---   17.3   17.8   17.8    ---   844.8 19.562090.2     0     0.00      0     0.0  0.00   0.0   0.007   0.000   23.3    36    7.4   22.7   7.09  .9811     0.00   232    1    100.0   10 
 7/09/26 10:50p   17.3   17.3   17.3    94   16.3   0.0   ---   0.00   0.0   ---   17.3   17.7   17.7    ---   844.8 25.651463.0     0     0.00      0     0.0  0.00   0.0   0.007   0.000   23.3    37    7.8   22.6   7.27  .9810     0.00   230    1    100.0   10 
 7/09/26 11:00p   17.2   17.3   17.2    94   16.2   0.0   ---   0.00   0.0   ---   17.2   17.7   17.7    ---   844.9 11.94 914.4     0     0.00      0     0.0  0.00   0.0   0.008   0.000   23.2    36    7.3   22.5   7.10  .9816     0.00   230    1    100.0   10 
 7/09/26 11:10p   17.2   17.3   17.2    94   16.2   0.0    NW   0.00   3.2    NW   17.2   17.7   17.7    ---   844.8 19.561219.2     0     0.00      0     0.0  0.00   0.0   0.008   0.000   23.2    36    7.3   22.5   7.10  .9815     0.00   231    1    100.0   10 
 7/09/26 11:20p   17.2   17.2   17.2    94   16.2   0.0   ---   0.00   0.0   ---   17.2   17.6   17.6    ---   844.8  0.00   1.0     0     0.00      0     0.0  0.00   0.0   0.008   0.000   23.1    36    7.2   22.3   7.11  .9820     0.00   229    1    100.0   10 
 7/09/26 11:30p   17.2   17.2   17.2    95   16.4   0.0   ---   0.00   0.0   ---   17.2   17.6   17.6    ---   844.9  0.25   1.0     0     0.00      0     0.0  0.00   0.0   0.008   0.000   23.1    37    7.6   22.4   7.28  .9817     0.00   233    1    100.0   10 
 7/09/26 11:40p   17.2   17.2   17.2    95   16.4   0.0   ---   0.00   0.0   ---   17.2   17.6   17.6    ---   844.9  0.00   0.0     0     0.00      0     0.0  0.00   0.0   0.008   0.000   23.1    37    7.6   22.4   7.28  .9817     0.00   227    1     99.6   10 
 7/09/26 11:50p   17.2   17.2   17.2    95   16.4   0.0   ---   0.00   0.0   ---   17.2   17.7   17.7    ---   844.9  0.25   0.0     0     0.00      0     0.0  0.00   0.0   0.008   0.000   23.1    38    8.0   22.3   7.41  .9816     0.00   231    1    100.0   10 
 8/09/26 12:00a   17.2   17.2   17.2    95   16.4   0.0   ---   0.00   0.0   ---   17.2   17.6   17.6    ---   844.9 12.45 812.8     0     0.00      0     0.0  0.00   0.0   0.008   0.000   23.0    38    7.9   22.3   7.41  .9818     0.00   230    1    100.0   10 
 8/09/26 12:10a   17.2   17.2   17.2    95   16.4   0.0   ---   0.00   0.0   ---   17.2   17.6   17.6    ---   845.0  0.00   1.5     0     0.00      0     0.0  0.00   0.0   0.008   0.000   23.0    38    7.9   22.3   7.41  .9820     0.00   227    1     99.6   10 
 8/09/26 12:20a   17.3   17.3   17.2    95   16.5   0.0   ---   0.00   0.0   ---   17.3   17.7   17.7    ---   845.0  0.25   1.5     0     0.00      0     0.0  0.00   0.0   0.007   0.000   22.9    37    7.5   22.1   7.28  .9826     0.00   233    1    100.0   10 
 8/09/26 12:30a   17.3   17.4   17.3    95   16.5   0.0   ---   0.00   0.0   ---   17.3   17.8   17.8    ---   845.0  9.911219.2     0     0.00      0     0.0  0.00   0.0   0.007   0.000   23.0    36    7.1   22.2   7.11  .9827     0.00   232    1    100.0   10 
 8/09/26 12:40a   17.4   17.4   17.4    95   16.6   0.0   ---   0.00   0.0   ---   17.4   17.9   17.9    ---   845.1 12.95 522.5     0     0.00      0     0.0  0.00   0.0   0.006   0.000   23.0    36    7.1   22.2   7.11  .9828     0.00   229    1    100.0   10 
 8/09/26 12:50a   17.4   17.4   17.4    95   16.6   0.0   ---   0.00   0.0   ---   17.4   17.9   17.9    ---   845.1  0.00   1.0     0     0.00      0     0.0  0.00   0.0   0.006   0.000   23.0    36    7.1   22.2   7.11  .9827     0.00   232    1    100.0   10 
 8/09/26  1:00a   17.4   17.5   17.4    95   16.6   0.0   ---   0.00   0.0   ---   17.4   17.9   17.9    ---   845.0  0.00   0.0     0     0.00      0     0.0  0.00   0.0   0.006   0.000   23.0    37    7.5   22.2   7.28  .9823     0.00   228    1    100.0   10 
 8/09/26  1:10a   17.4   17.4   17.4    95   16.6   0.0   ---   0.00   0.0   ---   17.4   17.9   17.9    ---   845.0  0.00   0.0     0     0.00      0     0.0  0.00   0.0   0.006   0.000   23.0    36    7.1   22.2   7.11  .9826     0.00   232    1    100.0   10 
 8/09/26  1:20a   17.4   17.4   17.4    95   16.6   0.0   ---   0.00   0.0   ---   17.4   17.9   17.9    ---   844.9  0.00   0.0     0     0.00      0     0.0  0.00   0.0   0.006   0.000   22.9    36    7.1   22.1   7.12  .9828     0.00   229    1    100.0   10 
 8/09/26  1:30a   17.4   17.4   17.3    95   16.6   0.0    NE   0.00   1.6    NE   17.4   17.9   17.9    ---   844.9  0.25   0.0     0     0.00      0     0.0  0.00   0.0   0.007   0.000   22.9    34    6.2   22.0   6.78  .9834     0.00   232    1    100.0   10 
 8/09/26  1:40a   17.3   17.4   17.3    95   16.5   0.0   ENE   0.00   3.2    NE   17.3   17.8   17.8    ---   844.9  0.25   1.5     0     0.00      0     0.0  0.00   0.0   0.007   0.000   23.0    38    7.9   22.3   7.41  .9819     0.00   230    1    100.0   10 
 8/09/26  1:50a   17.3   17.3   17.3    95   16.5   0.0   ---   0.00   0.0   ---   17.3   17.7   17.7    ---   844.9  0.00   1.0     0     0.00      0     0.0  0.00   0.0   0.007   0.000   23.0    36    7.1   22.2   7.11  .9825     0.00   229    1    100.0   10 
 8/09/26  2:00a   17.3   17.3   17.2    95   16.5   0.0   ---   0.00   0.0   ---   17.3   17.7   17.7    ---   844.9  0.00   0.0     0     0.00      0     0.0  0.00   0.0   0.007   0.000   23.0    37    7.5   22.2   7.28  .9822     0.00   230    1    100.0   10 
 8/09/26  2:10a   17.2   17.2   17.2    95   16.4   0.0   ---   0.00   0.0   ---   17.2   17.7   17.7    ---   844.8  0.00   0.0     0     0.00      0     0.0  0.00   0.0   0.008   0.000   22.9    36    7.1   22.1   7.12  .9827     0.00   232    1    100.0   10 
 8/09/26  2:20a   17.2   17.2   17.1    95   16.4   0.0   ---   0.00   0.0   ---   17.2   17.6   17.6    ---   844.8  0.00   0.0     0     0.00      0     0.0  0.00   0.0   0.008   0.000   22.9    36    7.1   22.1   7.12  .9826     0.00   226    1     99.1   10 
 8/09/26  2:30a   17.1   17.2   17.1    95   16.3   0.0   ---   0.00   0.0   ---   17.1   17.6   17.6    ---   844.7  0.25   0.0     0     0.00      0     0.0  0.00   0.0   0.008   0.000   22.9    36    7.1   22.1   7.12  .9825     0.00   234    1    100.0   10 
 8/09/26  2:40a   17.1   17.1   17.1    95   16.3   0.0   ---   0.00   0.0   ---   17.1   17.6   17.6    ---   844.5  0.00   0.0     0     0.00      0     0.0  0.00   0.0   0.008   0.000   22.9    35    6.7   22.1   6.98  .9826     0.00   230    1    100.0   10 
 8/09/26  2:50a   17.1   17.1   17.1    95   16.2   0.0    NE   0.00   1.6    NE   17.1   17.5   17.5    ---   844.5  0.00   0.0     0     0.00      0     0.0  0.00   0.0   0.009   0.000   22.9    37    7.5   22.1   7.28  .9819     0.00   231    1    100.0   10 
 8/09/26  3:00a   17.0   17.1   17.0    95   16.2   0.0   ---   0.00   0.0   ---   17.0   17.4   17.4    ---   844.5  0.25   0.0     0     0.00      0     0.0  0.00   0.0   0.009   0.000   22.8    36    7.0   21.9   7.13  .9827     0.00   231    1    100.0   10 
 8/09/26  3:10a   17.0   17.0   17.0    95   16.2   0.0   ---   0.00   0.0   ---   17.0   17.4   17.4    ---   844.5  0.00   0.0     0     0.00      0     0.0  0.00   0.0   0.009   0.000   22.8    37    7.4   21.9   7.29  .9824     0.00   228    1    100.0   10 
 8/09/26  3:20a   17.0   17.0   17.0    95   16.2   0.0   ---   0.00   0.0   ---   17.0   17.4   17.4    ---   844.5  0.00   0.0     0     0.00      0     0.0  0.00   0.0   0.009   0.000   22.8    37    7.4   21.9   7.29  .9824     0.00   230    1    100.0   10 
 8/09/26  3:30a   17.0   17.1   17.0    95   16.2   0.0   ---   0.00   0.0   ---   17.0   17.4   17.4    ---   844.5  0.00   0.0     0     0.00      0     0.0  0.00   0.0   0.009   0.000   22.8    37    7.4   21.9   7.29  .9824     0.00   230    1    100.0   10 
 8/09/26  3:40a   17.0   17.1   17.0    95   16.2   0.0   ---   0.00   0.0   ---   17.0   17.4   17.4    ---   844.6  0.25   0.0     0     0.00      0     0.0  0.00   0.0   0.009   0.000   22.8    38    7.8   22.0   7.43  .9821     0.00   227    1     99.6   10 
 8/09/26  3:50a   17.1   17.1   17.0    95   16.2   0.0   ---   0.00   0.0   ---   17.1   17.5   17.5    ---   844.6  0.00   0.0     0     0.00      0     0.0  0.00   0.0   0.009   0.000   22.8    38    7.7   21.9   7.43  .9824     0.00   231    1    100.0   10 
 8/09/26  4:00a   17.0   17.1   17.0    96   16.4   0.0   ---   0.00   0.0   ---   17.0   17.4   17.4    ---   844.5  0.00   0.0     0     0.00      0     0.0  0.00   0.0   0.009   0.000   22.7    37    7.3   21.8   7.29  .9829     0.00   231    1    100.0   10 
 8/09/26  4:10a   17.0   17.0   16.9    96   16.4   0.0   ---   0.00   0.0   ---   17.0   17.4   17.4    ---   844.5  0.00   0.0     0     0.00      0     0.0  0.00   0.0   0.009   0.000   22.7    37    7.3   21.8   7.29  .9829     0.00   228    1    100.0   10 
 8/09/26  4:20a   16.9   17.0   16.9    96   16.3   0.0   ---   0.00   0.0   ---   16.9   17.4   17.4    ---   844.6  0.00   0.0     0     0.00      0     0.0  0.00   0.0   0.010   0.000   22.7    38    7.7   21.8   7.43  .9826     0.00   232    1    100.0   10 
 8/09/26  4:30a   16.9   17.0   16.9    96   16.3   0.0   ---   0.00   0.0   ---   16.9   17.4   17.4    ---   844.6  0.00   0.0     0     0.00      0     0.0  0.00   0.0   0.010   0.000   22.7    38    7.7   21.8   7.43  .9826     0.00   228    1    100.0   10 
 8/09/26  4:40a   16.9   16.9   16.9    96   16.3   0.0   ---   0.00   0.0   ---   16.9   17.4   17.4    ---   844.6  0.00   0.0     0     0.00      0     0.0  0.00   0.0   0.010   0.000   22.6    36    6.8   21.6   7.14  .9837     0.00   233    1    100.0   10 
 8/09/26  4:50a   16.9   16.9   16.9    96   16.3   0.0   ---   0.00   0.0   ---   16.9   17.4   17.4    ---   844.7  0.25   0.0     0     0.00      0     0.0  0.00   0.0   0.010   0.000   22.6    39    7.9   21.7   7.60  .9828     0.00   230    1    100.0   10 
 8/09/26  5:00a   16.9   16.9   16.9    96   16.2   0.0   ---   0.00   0.0   ---   16.9   17.3   17.3    ---   844.7  0.00   0.0     0     0.00      0     0.0  0.00   0.0   0.010   0.000   22.6    36    6.7   21.5   7.15  .9840     0.00   229    1    100.0   10 
 8/09/26  5:10a   16.9   16.9   16.9    96   16.2   0.0   ---   0.00   0.0   ---   16.9   17.3   17.3    ---   844.6  0.00   0.0     0     0.00      0     0.0  0.00   0.0   0.010   0.000   22.6    37    7.1   21.6   7.30  .9836     0.00   232    1    100.0   10 
 8/09/26  5:20a   16.8   16.9   16.8    95   16.0   0.0   ---   0.00   0.0   ---   16.8   17.2   17.2    ---   844.6  0.00   0.0     0     0.00      0     0.0  0.00   0.0   0.010   0.000   22.6    37    7.2   21.6   7.30  .9834     0.00   228    1    100.0   10 
 8/09/26  5:30a   16.8   16.8   16.8    96   16.1   0.0   ---   0.00   0.0   ---   16.8   17.2   17.2    ---   844.5  0.00   0.0     0     0.00      0     0.0  0.00   0.0   0.011   0.000   22.6    37    7.2   21.6   7.30  .9833     0.00   229    1    100.0   10 
 8/09/26  5:40a   16.8   16.8   16.7    96   16.1   0.0   ---   0.00   0.0   ---   16.8   17.2   17.2    ---   844.5  0.00   0.0     0     0.00      0     0.0  0.00   0.0   0.011   0.000   22.6    37    7.1   21.6   7.30  .9835     0.00   231    1    100.0   10 
 8/09/26  5:50a   16.7   16.8   16.7    96   16.1   0.0   ---   0.00   0.0   ---   16.7   17.1   17.1    ---   844.5  0.00   0.0     0     0.00      0     0.0  0.00   0.0   0.011   0.000   22.6    38    7.5   21.6   7.45  .9831     0.00   229    1    100.0   10 
 8/09/26  6:00a   16.7   16.7   16.7    96   16.0   0.0   ---   0.00   0.0   ---   16.7   17.1   17.1    ---   844.5  0.00   0.0     0     0.00      0     0.0  0.00   0.0   0.012   0.000   22.6    39    7.9   21.7   7.60  .9828     0.00   233    1    100.0   10 
 8/09/26  6:10a   16.7   16.7   16.7    96   16.0   0.0   ---   0.00   0.0   ---   16.7   17.1   17.1    ---   844.5  0.00   0.0     0     0.00      0     0.0  0.00   0.0   0.012   0.000   22.4    40    8.2   21.5   7.70  .9830     0.00   229    1    100.0   10 
 8/09/26  6:20a   16.7   16.7   16.6    96   16.0   0.0   ---   0.00   0.0   ---   16.7   17.1   17.1    ---   844.6  0.00   0.0     0     0.00      0     0.0  0.00   0.0   0.012   0.000   22.4    37    7.0   21.3   7.30  .9841     0.00   229    1    100.0   10 
 8/09/26  6:30a   16.6   16.7   16.6    96   16.0   0.0   ---   0.00   0.0   ---   16.6   17.0   17.0    ---   844.7  0.00   0.0     0     0.00      0     0.0  0.00   0.0   0.012   0.000   22.4    36    6.6   21.3   7.15  .9845     0.00   231    1    100.0   10 
 8/09/26  6:40a   16.6   16.6   16.5    96   15.9   0.0   ---   0.00   0.0   ---   16.6   16.9   16.9    ---   844.8  0.00   0.0     0     0.00      0     0.0  0.00   0.0   0.012   0.000   22.6    38    7.5   21.6   7.45  .9835     0.00   227    1     99.6   10 
 8/09/26  6:50a   16.5   16.5   16.5    96   15.9   0.0   ---   0.00   0.0   ---   16.5   16.9   16.9    ---   844.9  0.00   0.0     6     0.09      9     0.0  0.00   0.0   0.013   0.000   22.6    39    7.9   21.7   7.60  .9834     0.00   231    1    100.0   10 
 8/09/26  7:00a   16.5   16.6   16.5    96   15.9   0.0   ---   0.00   0.0   ---   16.5   16.9   16.9    ---   845.0  0.00   0.0    13     0.19     18     0.0  0.00   0.0   0.013   0.000   22.6    41    8.6   21.7   7.85  .9828     0.00   229    1    100.0   10 
 8/09/26  7:10a   16.6   16.7   16.6    96   15.9   0.0   ---   0.00   0.0   ---   16.6   16.9   16.9    ---   845.1  0.00   0.0    21     0.30     26     0.0  0.00   0.0   0.012   0.000   22.6    38    7.5   21.6   7.45  .9839     0.00   228    1    100.0   10 
 8/09/26  7:20a   16.8   16.9   16.7    96   16.1   0.0   ---   0.00   0.0   ---   16.8   17.2   17.2    ---   845.1  0.00   0.0    29     0.42     32     0.0  0.00   0.0   0.011   0.000   22.6    37    7.2   21.6   7.30  .9840     0.00   232    1    100.0   10 
 8/09/26  7:30a   16.9   17.0   16.8    96   16.3   0.0   ---   0.00   0.0   ---   16.9   17.4   17.4    ---   845.1  0.00   0.0    35     0.50     37     0.0  0.00   0.0   0.010   0.000   22.7    36    6.9   21.7   7.13  .9839     0.00   228    1    100.0   10 
 8/09/26  7:40a   17.0   17.1   17.0    96   16.4   0.0   ---   0.00   0.0   ---   17.0   17.4   17.4    ---   845.2  0.00   0.0    40     0.57     42     0.0  0.00   0.0   0.009   0.000   22.8    35    6.6   21.8   6.99  .9838     0.00   232    1    100.0   10 
 8/09/26  7:50a   17.1   17.1   17.1    96   16.4   0.0   ---   0.00   0.0   ---   17.1   17.5   17.5    ---   845.2  0.00   0.0    47     0.67     49     0.0  0.00   0.0   0.009   0.000   22.9    36    7.0   22.0   7.12  .9833     0.00   230    1    100.0   10 
 8/09/26  8:00a   17.2   17.2   17.1    96   16.5   0.0   ---   0.00   0.0   ---   17.2   17.6   17.6    ---   845.2  0.00   0.0    57     0.82     63     1.0  0.07   2.2   0.008   0.000   23.0    36    7.1   22.2   7.11  .9829     0.03   223    1     97.8   10 
 8/09/26  8:10a   17.2   17.3   17.2    96   16.6   0.0   ---   0.00   0.0   ---   17.2   17.7   17.7    ---   845.4  0.00   0.0    69     0.99     72     2.0  0.14   2.2   0.008   0.000   23.1    36    7.2   22.3   7.11  .9827     0.00   233    1    100.0   10 
 8/09/26  8:20a   17.3   17.4   17.2    96   16.6   0.0   ---   0.00   0.0   ---   17.3   17.8   17.8    ---   845.5  0.00   0.0    79     1.13     83     2.2  0.16   2.5   0.007   0.000   23.2    35    6.9   22.3   6.98  .9829     0.00   227    1     99.6   10 
 8/09/26  8:30a   17.4   17.5   17.4    96   16.8   0.0   ---   0.00   0.0   ---   17.4   17.9   17.9    ---   845.8  0.00   0.0    81     1.16     86     2.3  0.16   2.7   0.006   0.000   23.2    36    7.3   22.5   7.10  .9826     0.00   231    1    100.0   10 
 8/09/26  8:40a   17.6   17.6   17.5    96   16.9   0.0   ---   0.00   0.0   ---   17.6   18.1   18.1    ---   845.9  0.00   0.0    96     1.38    102     2.7  0.19   3.0   0.005   0.000   23.2    34    6.5   22.4   6.77  .9834     0.00   232    1    100.0   10 
